https://www.youtube.com/watch?v=-HtIVQoeqaQ	2260	"20260419"	39	[{"start_time": 0, "title": "Like Fire and Ice", "end_time": 973}, {"start_time": 973, "title": "Arrived at Marker Stone", "end_time": 1906}, {"start_time": 1906, "title": "Cutscenes , Meet Arcane", "end_time": 2260}]
https://www.youtube.com/watch?v=-cAnLMmN-nc	15044	"20260420"	14	[{"start_time": 0, "title": "Intro", "end_time": 14}, {"start_time": 14, "title": "Process IV: Tales of Old", "end_time": 4953}, {"start_time": 4953, "title": "Process V: Wrothful Tide", "end_time": 8931}, {"start_time": 8931, "title": "Process VI: Ponderous Load", "end_time": 15044}]
https://www.youtube.com/watch?v=0IzbVD9-7O8	14321	"20260609"	15	NA
https://www.youtube.com/watch?v=-Hwe5OFWHIQ	3289	"20260606"	10	NA
https://www.youtube.com/watch?v=-Tq-C5mbEVA	10604	"20260312"	208	NA
https://www.youtube.com/watch?v=0922YjgWsL4	9998	"20260208"	161	[{"start_time": 0, "title": "Entering The Endgame Quest", "end_time": 318}, {"start_time": 318, "title": "Counterstrike Brewing Quest", "end_time": 1236}, {"start_time": 1236, "title": "Scalding of Utjug Quest", "end_time": 2559}, {"start_time": 2559, "title": "Frontline Rush Quest", "end_time": 3889}, {"start_time": 3889, "title": "Undying Cinders Quest ( Marble Aggelomoirai Boss Fight )", "end_time": 5095}, {"start_time": 5095, "title": "Temporary Peace Quest", "end_time": 5526}, {"start_time": 5526, "title": "Mysterious Signal Quest", "end_time": 6804}, {"start_time": 6804, "title": "Lycia\u2019s First Appearance", "end_time": 7100}, {"start_time": 7100, "title": "Conference of the Four Quest", "end_time": 8192}, {"start_time": 8192, "title": "Dijang Upgrade and Maintenance 1 Side Quest", "end_time": 8526}, {"start_time": 8526, "title": "Dijang Upgrade and Maintenance 2 Side Quest", "end_time": 8853}, {"start_time": 8853, "title": "Unlocking Clue Collection", "end_time": 8989}, {"start_time": 8989, "title": "OD Project: Refugee Camp 1 Side Quest", "end_time": 9998}]
https://www.youtube.com/watch?v=0O2dlkP5Kc8	13416	"20260721"	25	NA
https://www.youtube.com/watch?v=0xCqT31cWJM	6016	"20260418"	75	NA
https://www.youtube.com/watch?v=158eyWE-Aok	1316	"20260123"	16	NA
https://www.youtube.com/watch?v=0Ziu7s3Fj6g	1105	"20260723"	26	NA
https://www.youtube.com/watch?v=2FP8Zp1ltfk	5778	"20260424"	8	[{"start_time": 0, "end_time": 5, "title": "<Untitled Chapter 1>"}, {"start_time": 5, "title": "A Glance of Astonishment", "end_time": 1430}, {"start_time": 1430, "title": "A Breeze Away", "end_time": 2365}, {"start_time": 2365, "title": "Of Grace and Gentle Might", "end_time": 4276}, {"start_time": 4276, "title": "The Surging Tide", "end_time": 5515}, {"start_time": 5515, "title": "Where Danger Sleeps", "end_time": 5778}]
https://www.youtube.com/watch?v=2E__GaFLb7A	7697	"20260122"	32	NA
https://www.youtube.com/watch?v=2H6MW5bC3iM	11603	"20260425"	67	[{"start_time": 0, "title": "Pulling for Zhuang Fangyi", "end_time": 526}, {"start_time": 526, "title": "Weapon Pulls", "end_time": 1177}, {"start_time": 1177, "title": "Quest Starts", "end_time": 2509}, {"start_time": 2509, "title": "Meeting Arcane", "end_time": 3348}, {"start_time": 3348, "title": "Rescuing people from Ardashir", "end_time": 4212}, {"start_time": 4212, "title": "Ardashir's minions", "end_time": 4632}, {"start_time": 4632, "title": "Into the scroll", "end_time": 5933}, {"start_time": 5933, "title": "Quick BRB", "end_time": 6064}, {"start_time": 6064, "title": "Resume", "end_time": 6498}, {"start_time": 6498, "title": "Meeting Ardashir", "end_time": 7338}, {"start_time": 7338, "title": "Arcane vs Ardashir", "end_time": 7618}, {"start_time": 7618, "title": "Back to the city", "end_time": 8358}, {"start_time": 8358, "title": "Factory/exploring shenanigans", "end_time": 11603}]
https://www.youtube.com/watch?v=2hSyEYCSbdM	3866	"20260417"	76	NA
https://www.youtube.com/watch?v=36W-qGAdRNo	1132	"20260318"	33	NA
https://www.youtube.com/watch?v=35Cse4hUhAg	4714	"20260426"	5	NA
https://www.youtube.com/watch?v=38uv0gctjVs	7436	"20260216"	24	[{"start_time": 0, "title": "A Glance of Astonishment", "end_time": 1682}, {"start_time": 1682, "title": "A Breeze Away", "end_time": 2975}, {"start_time": 2975, "title": "Of Grace and Gentle Might", "end_time": 5279}, {"start_time": 5279, "title": "The Surging Tide", "end_time": 7055}, {"start_time": 7055, "title": "Where Danger Sleeps", "end_time": 7436}]
https://www.youtube.com/watch?v=3Ywp5BJcLR8	3693	"20260418"	482	NA
https://www.youtube.com/watch?v=3EPKtIFdvo0	1082	"20260218"	86	NA
https://www.youtube.com/watch?v=3ZEkvUXpmV4	14269	"20260418"	43	NA
https://www.youtube.com/watch?v=3yAPDsRmwsY	489	"20260630"	14	NA
https://www.youtube.com/watch?v=4b-Qbg8XPYI	11011	"20260313"	75	[{"start_time": 0, "title": "Unexpected Attack", "end_time": 725}, {"start_time": 725, "title": "Deep in the Mire", "end_time": 1823}, {"start_time": 1823, "title": "The Flow Splits Course", "end_time": 4263}, {"start_time": 4263, "title": "Surging From a Withered Spring", "end_time": 6042}, {"start_time": 6042, "title": "A River Restless in Still Winds", "end_time": 6626}, {"start_time": 6626, "title": "Another Wave Comes Crashing In", "end_time": 7703}, {"start_time": 7703, "title": "Ripples Spread Throughout the Flow", "end_time": 8096}, {"start_time": 8096, "title": "Purity Reveals the Stubborn Flow", "end_time": 9985}, {"start_time": 9985, "title": "Twas One River That Gave Us Drink", "end_time": 11011}]
https://www.youtube.com/watch?v=4UURqHtpUj4	14015	"20260212"	7	NA
https://www.youtube.com/watch?v=6qHQOmwvjkw	616	"20260523"	22	NA
https://www.youtube.com/watch?v=5eSIVdJ_yGE	7460	"20260502"	5	NA
https://www.youtube.com/watch?v=6Ap1jSkz2ro	294	"20260313"	75	NA
https://www.youtube.com/watch?v=4iuSR76XvRw	7646	"20260129"	1296	NA
https://www.youtube.com/watch?v=6rsHEnfZP7o	10278	"20260426"	8	NA
https://www.youtube.com/watch?v=7DqZzvkrIXI	68379	"20260312"	1644	NA
https://www.youtube.com/watch?v=6tPtCVKXFys	1354	"20260720"	21	NA
https://www.youtube.com/watch?v=7VVCbYLS_Lo	14088	"20260122"	90	[{"start_time": 0, "title": "Main story", "end_time": 13450}, {"start_time": 13450, "title": "Pulls", "end_time": 13940}, {"start_time": 13940, "title": "Combat Drills Event (Laevatain)", "end_time": 14088}]
https://www.youtube.com/watch?v=7_Zrxg7lZWw	6327	"20251128"	178762	NA
https://www.youtube.com/watch?v=6wXVEen0Yz0	2830	"20260512"	26	[{"start_time": 0, "title": "Paving the Way", "end_time": 1513}, {"start_time": 1513, "title": "Work Preparation", "end_time": 1722}, {"start_time": 1722, "title": "Maintenance Progress", "end_time": 2830}]
https://www.youtube.com/watch?v=83wxI8_UIhQ	5878	"20260705"	6	NA
https://www.youtube.com/watch?v=8RaP_DPsZEQ	914	"20260420"	62	NA
https://www.youtube.com/watch?v=8Qin13NjoY8	704	"20260215"	37	NA
https://www.youtube.com/watch?v=94_npZtUUJ4	5874	"20260421"	37	NA
https://www.youtube.com/watch?v=8cNU9lVMzBs	1542	"20260127"	182	NA
https://www.youtube.com/watch?v=9MlAAjw0NOY	1460	"20260728"	10	NA
https://www.youtube.com/watch?v=9jzkGRfyUYQ	720	"20260318"	61	NA
https://www.youtube.com/watch?v=9SHPuGw_kQ0	3141	"20260213"	162	NA
https://www.youtube.com/watch?v=9bDJ2IbVaxw	308	"20260123"	217	NA
https://www.youtube.com/watch?v=AZnTScrG2pk	10948	"20260511"	22	[{"start_time": 0, "title": "Process: Cold Start", "end_time": 894}, {"start_time": 894, "title": "Process: Awakening", "end_time": 1529}, {"start_time": 1529, "title": "Break the Siege", "end_time": 3000}, {"start_time": 3000, "title": "Valley Reboot", "end_time": 4118}, {"start_time": 4118, "title": "Rally and Unite", "end_time": 6256}, {"start_time": 6256, "title": "Westward into the Vale", "end_time": 6973}, {"start_time": 6973, "title": "Secure Sanctuary", "end_time": 8177}, {"start_time": 8177, "title": "Building an Outpost", "end_time": 9156}, {"start_time": 9156, "title": "Through the Haze", "end_time": 10264}, {"start_time": 10264, "title": "Fort Showdown", "end_time": 10948}]
https://www.youtube.com/watch?v=A5c-Lhu0X80	13863	"20260127"	30693	NA
https://www.youtube.com/watch?v=AfiNfLdWVro	15471	"20260122"	57351	NA
https://www.youtube.com/watch?v=ApAoSjd50N0	6267	"20260417"	37	NA
https://www.youtube.com/watch?v=Ar-vaGNg-OY	10081	"20260124"	145	NA
https://www.youtube.com/watch?v=B05JUsWBY_U	11997	"20260315"	383	NA
https://www.youtube.com/watch?v=BEmJ1CcyHfs	33560	"20260129"	241	[{"start_time": 0, "title": "Intro", "end_time": 1458}, {"start_time": 1458, "title": "The Broken lands Chapter 1 Process 1", "end_time": 3130}, {"start_time": 3130, "title": "The Turbid Heavens Chapter 1 Process 2", "end_time": 10218}, {"start_time": 10218, "title": "Path of Ascension Chapter 1 Process 3", "end_time": 16614}, {"start_time": 16614, "title": "Smoking Embers Chapter 1 - Process 4", "end_time": 22090}, {"start_time": 22090, "title": "Lost in the Marsh Chapter 2 Process 1 Arrival at Wuling", "end_time": 28007}, {"start_time": 28007, "title": "The Way of Water Chapter 2 Process 2", "end_time": 33503}, {"start_time": 33503, "title": "To Be Continued", "end_time": 33560}]
https://www.youtube.com/watch?v=BSomFkLrOy0	919	"20260305"	58	NA
https://www.youtube.com/watch?v=CEzwmCC4VdU	6505	"20260209"	111	NA
https://www.youtube.com/watch?v=BndbaDLG-30	850	"20260219"	99	NA
https://www.youtube.com/watch?v=CVQdCNhfEis	8228	"20260716"	667	NA
https://www.youtube.com/watch?v=CJ9gbFqkeVo	5923	"20260122"	80153	NA
https://www.youtube.com/watch?v=BkevAs3aQtE	436	"20260202"	56	NA
https://www.youtube.com/watch?v=CZLOltjCErM	6360	"20260516"	25	NA
https://www.youtube.com/watch?v=CxcofslTorM	1679	"20260329"	19	NA
https://www.youtube.com/watch?v=CrkCD8lQVXg	7854	"20260218"	20	[{"start_time": 0, "title": "Process: Cold Start", "end_time": 1190}, {"start_time": 1190, "title": "Process: Awakening", "end_time": 1748}, {"start_time": 1748, "title": "Break the Siege", "end_time": 3590}, {"start_time": 3590, "title": "Valley Reboot", "end_time": 4905}, {"start_time": 4905, "title": "Rally and Unite", "end_time": 7854}]
https://www.youtube.com/watch?v=D3lBc5vVy5A	5369	"20260214"	17	[{"start_time": 0, "title": "Eve of Battle", "end_time": 82}, {"start_time": 82, "title": "Entering the Endgame", "end_time": 452}, {"start_time": 452, "title": "Counterstrike Brewing", "end_time": 967}, {"start_time": 967, "title": "Scaldings of Utjug", "end_time": 1966}, {"start_time": 1966, "title": "Frontline Rush", "end_time": 2515}, {"start_time": 2515, "title": "Undying Cinders", "end_time": 3851}, {"start_time": 3851, "title": "Temporary Peace", "end_time": 4185}, {"start_time": 4185, "title": "Mysterious Signal", "end_time": 5369}]
https://www.youtube.com/watch?v=D6_qOPY-8sI	1357	"20260130"	7	NA
https://www.youtube.com/watch?v=DFSFwH5ZWgQ	214	"20260402"	37	NA
https://www.youtube.com/watch?v=DSSz9qzzSSA	945	"20260304"	57	NA
https://www.youtube.com/watch?v=DgOBKx9Dx5s	14122	"20260124"	3161	NA
https://www.youtube.com/watch?v=E93jj81qCP8	9970	"20260719"	18	NA
https://www.youtube.com/watch?v=Dv4j7YGmZCQ	24272	"20260721"	37	NA
https://www.youtube.com/watch?v=F1DaW7JG8p4	8096	"20260322"	66	[{"start_time": 0, "title": "Intro", "end_time": 90}, {"start_time": 90, "title": "Model Reveal", "end_time": 236}, {"start_time": 236, "title": "Looking for TangTang", "end_time": 1053}, {"start_time": 1053, "title": "Working with Mi Fu", "end_time": 2774}, {"start_time": 2774, "title": "Rescuing TangTang", "end_time": 4541}, {"start_time": 4541, "title": "Searching for Big Bro", "end_time": 5521}, {"start_time": 5521, "title": "Chasing Big Bro", "end_time": 6379}, {"start_time": 6379, "title": "Ruan Yi Boss Fight", "end_time": 7410}, {"start_time": 7410, "title": "Soothing TangTang", "end_time": 7755}, {"start_time": 7755, "title": "End", "end_time": 8096}]
https://www.youtube.com/watch?v=EnBcX0VW6QI	1656	"20260730"	8	NA
https://www.youtube.com/watch?v=FDaiRLouBE8	10025	"20260126"	305	NA
https://www.youtube.com/watch?v=F8KyDPMzF2Q	7249	"20260810"	10	NA
https://www.youtube.com/watch?v=FQzvQIdxtD4	4214	"20260126"	84	[{"start_time": 0, "title": "Members Shoutout", "end_time": 11}, {"start_time": 11, "title": "Server Opening", "end_time": 38}, {"start_time": 38, "title": "Prologue", "end_time": 2009}, {"start_time": 2009, "title": "Chapter 1: Process 1", "end_time": 3684}, {"start_time": 3684, "title": "Mailbox and Events Checking", "end_time": 3837}, {"start_time": 3837, "title": "Laevatain Trial Gameplay", "end_time": 4077}, {"start_time": 4077, "title": "To be continued on Part 2...", "end_time": 4214}]
https://www.youtube.com/watch?v=FMxxdec_c0E	4760	"20260422"	18	NA
https://www.youtube.com/watch?v=FWKYlGKBA8c	5665	"20260124"	21	[{"start_time": 0, "title": "Intro", "end_time": 28}, {"start_time": 28, "title": "Prologue: Cold Start (Ereignis Boss Fight)", "end_time": 1105}, {"start_time": 1105, "title": "Prologue: Awakening (OMV Dijiang)", "end_time": 1778}, {"start_time": 1778, "title": "Chapter 1: Break the Siege (Rescue & Landbreaker Chief)", "end_time": 3562}, {"start_time": 3562, "title": "Chapter 1: Valley Reboot (Base Building)", "end_time": 5264}, {"start_time": 5264, "title": "Chapter 1: Rally and Unite (Start of Reconstruction)", "end_time": 5606}, {"start_time": 5606, "title": "Gameplay Ends (Disconnect)", "end_time": 5665}]
https://www.youtube.com/watch?v=FtTbkdCOFek	9591	"20260127"	217	NA
https://www.youtube.com/watch?v=G2z8JBrMKow	8323	"20260513"	10	[{"start_time": 0, "title": "The Mission Continues", "end_time": 625}, {"start_time": 625, "title": "Cross the Science Park", "end_time": 1502}, {"start_time": 1502, "title": "Park Way Party", "end_time": 1881}, {"start_time": 1881, "title": "Walk in the Park", "end_time": 2679}, {"start_time": 2679, "title": "Mystery in the Building", "end_time": 4230}, {"start_time": 4230, "title": "Down the Hill", "end_time": 4460}, {"start_time": 4460, "title": "Shattered Veins", "end_time": 6713}, {"start_time": 6713, "title": "Lodespring Crossing", "end_time": 7539}, {"start_time": 7539, "title": "Cradle of the Ages", "end_time": 8323}]
https://www.youtube.com/watch?v=Fv16g7AeYoU	999	"20260607"	37	NA
https://www.youtube.com/watch?v=G6QP0vdD010	3515	"20260612"	22	NA
https://www.youtube.com/watch?v=Gfvs97PnNaY	15462	"20260420"	274	[{"start_time": 0, "title": "Tales of Old - Chapter II Process IV", "end_time": 6010}, {"start_time": 6010, "title": "Wrothful Tide - Chapter II Process V", "end_time": 9997}, {"start_time": 9997, "title": "Ponderous Load - Chapter II Process VI", "end_time": 15462}]
https://www.youtube.com/watch?v=Gp4W0CVv6ww	16468	"20260720"	211	[{"start_time": 0, "title": "Bravely Breach the Hostile Winds", "end_time": 4472}, {"start_time": 4472, "title": "Thus Begins the Homeward March", "end_time": 6376}, {"start_time": 6376, "title": "A Past Shared by the Swordmancers", "end_time": 8434}, {"start_time": 8434, "title": "Same Old Faces in a Place Transformed_New", "end_time": 12675}, {"start_time": 12675, "title": "Finally Breaks the Hanging Clouds", "end_time": 13770}, {"start_time": 13770, "title": "Homecoming", "end_time": 15363}, {"start_time": 15363, "title": "Stubbornly Lingers the Setting Sun", "end_time": 16468}]
https://www.youtube.com/watch?v=G8weheUhdrg	1172	"20260219"	65	NA
https://www.youtube.com/watch?v=Gnso8DEtht0	1054	"20260419"	56	[{"start_time": 0, "title": "Defend the Feranmut's Heart", "end_time": 425}, {"start_time": 425, "title": "Talk to Xi Mo", "end_time": 513}, {"start_time": 513, "title": "Go to the area mentioned by Xi Mo", "end_time": 605}, {"start_time": 605, "title": "Deploy the Sub-PAC", "end_time": 685}, {"start_time": 685, "title": "Talk to Xi Mo", "end_time": 845}, {"start_time": 845, "title": "Find Chen at the Security Section", "end_time": 1054}]
https://www.youtube.com/watch?v=GxoitRdghiE	16844	"20260125"	21	NA
https://www.youtube.com/watch?v=HPTwucj4p-s	11902	"20260129"	1263	[{"start_time": 0, "title": "Lost in the Marsh Chapter 2 Process 1 Arivial at Wuling", "end_time": 2460}, {"start_time": 2460, "title": "Stumbling into Qingbo Stockade", "end_time": 3369}, {"start_time": 3369, "title": "Destination Wuling", "end_time": 4445}, {"start_time": 4445, "title": "A Glance of Astonishment", "end_time": 5299}, {"start_time": 5299, "title": "Meeting Zhuang Fangyi", "end_time": 6350}, {"start_time": 6350, "title": "The Way of Water Chapter 2 Process 2", "end_time": 7510}, {"start_time": 7510, "title": "Of Grace and Gentle Might", "end_time": 8465}, {"start_time": 8465, "title": "Date with Zhuang Fangyi", "end_time": 9272}, {"start_time": 9272, "title": "Wuling Drone Show Cutscene", "end_time": 9510}, {"start_time": 9510, "title": "Zhuang Fangyi's Past Cutscene", "end_time": 9825}, {"start_time": 9825, "title": "The Surging Tide", "end_time": 11477}, {"start_time": 11477, "title": "When Danger Sleeps", "end_time": 11866}, {"start_time": 11866, "title": "To Be Continued", "end_time": 11902}]
https://www.youtube.com/watch?v=GzONLWlJ1I8	67278	"20260128"	3744	NA
https://www.youtube.com/watch?v=HUs2nfEjb-k	20696	"20260125"	26	NA
https://www.youtube.com/watch?v=HYFoVA7p6ag	11905	"20260426"	84	[{"start_time": 0, "title": "Intro", "end_time": 379}, {"start_time": 379, "title": "Quest resumes", "end_time": 729}, {"start_time": 729, "title": "Meeting with Zhuang", "end_time": 979}, {"start_time": 979, "title": "First pillar", "end_time": 1289}, {"start_time": 1289, "title": "Second pillar", "end_time": 1689}, {"start_time": 1689, "title": "Third pillar", "end_time": 2243}, {"start_time": 2243, "title": "Facing Nefarith", "end_time": 2665}, {"start_time": 2665, "title": "Fighting Nefarith: Conqueror", "end_time": 2851}, {"start_time": 2851, "title": "Zhuang vs Nefarith", "end_time": 3115}, {"start_time": 3115, "title": "Ad break", "end_time": 3302}, {"start_time": 3302, "title": "Post-Battle", "end_time": 4552}, {"start_time": 4552, "title": "Arcane returns", "end_time": 5178}, {"start_time": 5178, "title": "Rift under Wuling", "end_time": 6745}, {"start_time": 6745, "title": "Lifeng and the test", "end_time": 7658}, {"start_time": 7658, "title": "Zhuang leaves", "end_time": 8047}, {"start_time": 8047, "title": "BRB", "end_time": 8190}, {"start_time": 8190, "title": "Resume", "end_time": 8710}, {"start_time": 8710, "title": "Zhuang and Endmin travel memory lane", "end_time": 10428}, {"start_time": 10428, "title": "Final fight", "end_time": 10889}, {"start_time": 10889, "title": "Wrap up scenes", "end_time": 11905}]
https://www.youtube.com/watch?v=HlrynaWUBC0	4939	"20260719"	128	NA
https://www.youtube.com/watch?v=KCqLhLSXeqw	6789	"20260129"	291	NA
https://www.youtube.com/watch?v=I__sjyURHyE	4489	"20260327"	8	[{"start_time": 0, "end_time": 5, "title": "<Untitled Chapter 1>"}, {"start_time": 5, "title": "Entering the Endgame", "end_time": 295}, {"start_time": 295, "title": "Counterstrike Brewing", "end_time": 683}, {"start_time": 683, "title": "Scaldings of Utjug", "end_time": 1334}, {"start_time": 1334, "title": "Frontline Rush", "end_time": 1358}, {"start_time": 1358, "title": "Undying Cinders", "end_time": 1976}, {"start_time": 1976, "title": "Temporary Peace", "end_time": 2378}, {"start_time": 2378, "title": "Mysterious Signal", "end_time": 3276}, {"start_time": 3276, "title": "Conference of the Four", "end_time": 4489}]
https://www.youtube.com/watch?v=ImrH2c_Gheo	3607	"20260525"	20	[{"start_time": 0, "title": "Thus Rise the Wave and Wind", "end_time": 360}, {"start_time": 360, "title": "Tremors of the Crashing Tide", "end_time": 2356}, {"start_time": 2356, "title": "Where Friendship Was Made", "end_time": 3607}]
https://www.youtube.com/watch?v=JXr_R2ZgWxM	10213	"20260418"	129	NA
https://www.youtube.com/watch?v=KTCGoOayUWM	1162	"20260221"	126	NA
https://www.youtube.com/watch?v=KK3KLXh7Y7c	14324	"20260130"	37	NA
https://www.youtube.com/watch?v=KfnV9RsjwCU	1727	"20260212"	154	NA
https://www.youtube.com/watch?v=KShSNrJ6XKQ	2600	"20260725"	5	NA
https://www.youtube.com/watch?v=Kh6MRSKthDo	11816	"20260126"	1980	NA
https://www.youtube.com/watch?v=Kr0pFpeL2pk	3993	"20260419"	62	NA
https://www.youtube.com/watch?v=LC9JLu--RVE	17257	"20260417"	487	[{"start_time": 0, "title": "Tales of Old (CH. II - Process IV)", "end_time": 6940}, {"start_time": 6940, "title": "Wrothful Tide (CH. II - Process V)", "end_time": 11311}, {"start_time": 11311, "title": "Ponderous Load (CH. II - Process VI)", "end_time": 17257}]
https://www.youtube.com/watch?v=LlGnkbdzL34	4013	"20260123"	14	NA
https://www.youtube.com/watch?v=Lv1blF7PNic	3425	"20260731"	9	NA
https://www.youtube.com/watch?v=LJj_oeDw7gs	1159	"20260420"	55	[{"start_time": 0, "title": "Meet up with Mi Fu", "end_time": 405}, {"start_time": 405, "title": "Go to Fangxing Avenue", "end_time": 1159}]
https://www.youtube.com/watch?v=LqwA5iuzcHk	820	"20260320"	57	NA
https://www.youtube.com/watch?v=LwRpQDFrO6A	10568	"20260522"	3	[{"start_time": 0, "title": "Unexpected Attack", "end_time": 681}, {"start_time": 681, "title": "Deep in the Mire", "end_time": 1557}, {"start_time": 1557, "title": "The Flow Splits Course", "end_time": 4602}, {"start_time": 4602, "title": "Surging From a Withered Spring", "end_time": 5529}, {"start_time": 5529, "title": "A River Restless in Still Winds", "end_time": 6249}, {"start_time": 6249, "title": "Another Wave Comes Crashing In", "end_time": 7328}, {"start_time": 7328, "title": "Ripples Spread Throughout the Flow", "end_time": 7692}, {"start_time": 7692, "title": "Purity Reveals the Stubborn Stone", "end_time": 8992}, {"start_time": 8992, "title": "Twas One River That Gave Us Drink", "end_time": 10568}]
https://www.youtube.com/watch?v=Lza_jOMFZkM	1407	"20260708"	37	NA
https://www.youtube.com/watch?v=NKgahvn0_BI	9723	"20260422"	8	NA
https://www.youtube.com/watch?v=NWUenrFSJ8k	7616	"20260128"	118	NA
https://www.youtube.com/watch?v=NTTZqKwQEcM	16344	"20260429"	18	[{"start_time": 0, "title": "Chapter II Process IV - Tales of Old", "end_time": 540}, {"start_time": 540, "title": "Like Fire and Ice", "end_time": 1111}, {"start_time": 1111, "title": "Meet Arcane", "end_time": 1705}, {"start_time": 1705, "title": "A Lethal Invitation", "end_time": 3021}, {"start_time": 3021, "title": "Phantom Wisps", "end_time": 4654}, {"start_time": 4654, "title": "Awaiting Thine Coming", "end_time": 5340}, {"start_time": 5340, "title": "Free Will", "end_time": 5991}, {"start_time": 5991, "title": "OD Project: Remediation Station I", "end_time": 6294}, {"start_time": 6294, "title": "End: Tales of Old", "end_time": 6464}, {"start_time": 6464, "title": "Chapter II Process V - Wrothful Tide", "end_time": 6508}, {"start_time": 6508, "title": "Thus Rise the Wave and Wind", "end_time": 6802}, {"start_time": 6802, "title": "Tremors of the Crashing Tide", "end_time": 8892}, {"start_time": 8892, "title": "Where Friendship Was Made", "end_time": 10170}, {"start_time": 10170, "title": "End: Wrothful Tide", "end_time": 10183}, {"start_time": 10183, "title": "Chapter II Process VI - Ponderous Load", "end_time": 10215}, {"start_time": 10215, "title": "A Breach Starts with a Crack", "end_time": 11309}, {"start_time": 11309, "title": "Patience Makes Greatness", "end_time": 12482}, {"start_time": 12482, "title": "Kindred Souls Who Share a Vision", "end_time": 15481}, {"start_time": 15481, "title": "End: Ponderous Load", "end_time": 15833}, {"start_time": 15833, "title": "(BONUS) Gacha Zhuang Fangyi", "end_time": 16223}, {"start_time": 16223, "title": "BONUS) Gacha Lone Borge (Zhuang Fangyi Weapon", "end_time": 16344}]
https://www.youtube.com/watch?v=NaOMPU89NTA	183	"20260418"	77	NA
https://www.youtube.com/watch?v=MUJ5k-jBmYo	2192	"20260215"	8	NA
https://www.youtube.com/watch?v=NlO-V42APVs	5804	"20260219"	12	[{"start_time": 0, "title": "Arrival at Wuling", "end_time": 2456}, {"start_time": 2456, "title": "Stumbling Into Qingbo Stockade", "end_time": 3175}, {"start_time": 3175, "title": "Destination Wuling", "end_time": 4132}, {"start_time": 4132, "title": "A Glance of Astonishment", "end_time": 5804}]
https://www.youtube.com/watch?v=OGOLZTYPCKM	5974	"20260524"	11	[{"start_time": 0, "title": "Like Fire and Ice", "end_time": 1424}, {"start_time": 1424, "title": "A Lethal Invitation", "end_time": 2777}, {"start_time": 2777, "title": "Phantom Wisps", "end_time": 4161}, {"start_time": 4161, "title": "Awaiting Thine Coming", "end_time": 4875}, {"start_time": 4875, "title": "Free Will", "end_time": 5974}]
https://www.youtube.com/watch?v=OHq1AQiiFNo	9355	"20260323"	25	[{"start_time": 0, "title": "Looking for TangTang", "end_time": 500}, {"start_time": 500, "title": "Ambush", "end_time": 805}, {"start_time": 805, "title": "Back to Wuling", "end_time": 1745}, {"start_time": 1745, "title": "Quick BRB", "end_time": 1924}, {"start_time": 1924, "title": "Saving Wuling", "end_time": 2311}, {"start_time": 2311, "title": "Tracking Uncle Shang", "end_time": 3851}, {"start_time": 3851, "title": "Emotional Hideout", "end_time": 4192}, {"start_time": 4192, "title": "Facing Uncle Shang", "end_time": 4821}, {"start_time": 4821, "title": "Laying Big Bro to rest", "end_time": 5141}, {"start_time": 5141, "title": "TangTang visiting Wuling (no hiding)", "end_time": 5591}, {"start_time": 5591, "title": "Meeting Zhuang", "end_time": 6031}, {"start_time": 6031, "title": "Story end", "end_time": 6307}, {"start_time": 6307, "title": "Dailies and factory confusion", "end_time": 9355}]
https://www.youtube.com/watch?v=OLZPFgzoitw	1246	"20251128"	5376	NA
https://www.youtube.com/watch?v=O18Anrkvi2U	7826	"20260504"	65	NA
https://www.youtube.com/watch?v=OZW8huQ3i_0	15332	"20260718"	45	NA
https://www.youtube.com/watch?v=ORNaegEfhL4	61665	"20260126"	218367	NA
https://www.youtube.com/watch?v=Ojs_j0TpnvE	4242	"20260201"	8	NA
https://www.youtube.com/watch?v=OxU-IN2tn58	9184	"20260122"	85	NA
https://www.youtube.com/watch?v=OvVlFTJPC_U	10830	"20260313"	172	[{"start_time": 0, "title": "Unexpected Attack Quest", "end_time": 682}, {"start_time": 682, "title": "Deep in the Mire", "end_time": 1802}, {"start_time": 1802, "title": "The Flow Splits Course", "end_time": 4275}, {"start_time": 4275, "title": "Surging From a Withered Spring", "end_time": 4920}, {"start_time": 4920, "title": "Ruan Yi Boss Fight", "end_time": 5696}, {"start_time": 5696, "title": "A River Restless in Still Winds", "end_time": 6380}, {"start_time": 6380, "title": "Another Wave Comes Crashing In", "end_time": 7452}, {"start_time": 7452, "title": "Ripples Spread Throughout the Flow", "end_time": 7780}, {"start_time": 7780, "title": "Purity Reveals the Stubborn Stone", "end_time": 9776}, {"start_time": 9776, "title": "Twas One River That Gave Us Drink", "end_time": 10830}]
https://www.youtube.com/watch?v=P1lHeNNi1Ic	2152	"20260319"	61	NA
https://www.youtube.com/watch?v=PGz4YPw0q6o	1531	"20260726"	7	NA
https://www.youtube.com/watch?v=OqJvwOBx574	1802	"20260720"	131	NA
https://www.youtube.com/watch?v=PMAXb8JoPWA	6905	"20260128"	1051	NA
https://www.youtube.com/watch?v=PmGUWgaJF_g	5876	"20260417"	136	NA
https://www.youtube.com/watch?v=PjsxwBlF8rc	702	"20260722"	29	NA
https://www.youtube.com/watch?v=PpCISl3JrQc	40197	"20251203"	6548	NA
https://www.youtube.com/watch?v=Prs3chVbMQE	6512	"20260514"	12	[{"start_time": 0, "title": "Entering the Endgame", "end_time": 430}, {"start_time": 430, "title": "Counterstrike Brewing", "end_time": 928}, {"start_time": 928, "title": "Scaldings of Utjug", "end_time": 1988}, {"start_time": 1988, "title": "Frontline Rush", "end_time": 2530}, {"start_time": 2530, "title": "Undying Cinders", "end_time": 3617}, {"start_time": 3617, "title": "Temporary Peace", "end_time": 4054}, {"start_time": 4054, "title": "Mysterious SIgnal", "end_time": 5510}, {"start_time": 5510, "title": "Conference of the Four", "end_time": 6512}]
https://www.youtube.com/watch?v=Q0T95IBpBgo	8770	"20260126"	627	NA
https://www.youtube.com/watch?v=Q81ZEWOSsuE	47889	"20260128"	209	[{"start_time": 0, "title": "Intro", "end_time": 2}, {"start_time": 2, "title": "Prologue", "end_time": 602}, {"start_time": 602, "title": "Prologue Boss Fight (Ereignis)", "end_time": 1084}, {"start_time": 1084, "title": "Chapter I (Valley IV)", "end_time": 1831}, {"start_time": 1831, "title": "Chapter I Process I : The Broken Lands", "end_time": 7380}, {"start_time": 7380, "title": "Meeting Wulf", "end_time": 11450}, {"start_time": 11450, "title": "Meeting Nefarith Baddie", "end_time": 11452}, {"start_time": 11452, "title": "Rhodagn Boss Fight", "end_time": 12080}, {"start_time": 12080, "title": "Chapter I Process II : The Turbid Heavens", "end_time": 13003}, {"start_time": 13003, "title": "Simulation Start (Skippable)", "end_time": 14291}, {"start_time": 14291, "title": "Simulation End (Skippable)", "end_time": 14300}, {"start_time": 14300, "title": "Factory Setup (Skippable)", "end_time": 15339}, {"start_time": 15339, "title": "Factory Setup End (Skippable)", "end_time": 17035}, {"start_time": 17035, "title": "Chapter I Process III : Path of Ascension", "end_time": 20177}, {"start_time": 20177, "title": "Meeting Yvonne", "end_time": 23153}, {"start_time": 23153, "title": "Meeting Rossi", "end_time": 26214}, {"start_time": 26214, "title": "Triaggelos Boss Fight (Fck this Boss)", "end_time": 27459}, {"start_time": 27459, "title": "Chapter I Process IV : Smoking Embers", "end_time": 30271}, {"start_time": 30271, "title": "Marble Aggelomoirai Boss Fight (Fck this Boss too)", "end_time": 34059}, {"start_time": 34059, "title": "Chapter II (Wuling)", "end_time": 34458}, {"start_time": 34458, "title": "Chapter II Process I : Lost in Marsh", "end_time": 34487}, {"start_time": 34487, "title": "Meeting Ardashir", "end_time": 35718}, {"start_time": 35718, "title": "Meeting TangTang", "end_time": 38240}, {"start_time": 38240, "title": "Meeting Mi Fu", "end_time": 39205}, {"start_time": 39205, "title": "Tianshi Zhuang First Look", "end_time": 39819}, {"start_time": 39819, "title": "Meeting Tianshi Zhuang", "end_time": 40725}, {"start_time": 40725, "title": "Chapter II Process II : The Way of Water", "end_time": 40819}, {"start_time": 40819, "title": "Meeting Lifeng", "end_time": 43200}, {"start_time": 43200, "title": "Date with Tianshi Zhuang", "end_time": 44484}, {"start_time": 44484, "title": "Wuling's Past", "end_time": 46189}, {"start_time": 46189, "title": "TidalKlast Boss Fight", "end_time": 47785}, {"start_time": 47785, "title": "Ending", "end_time": 47889}]
https://www.youtube.com/watch?v=RUIhgBDHMr4	16587	"20260716"	57	[{"start_time": 0, "title": "Start", "end_time": 180}, {"start_time": 180, "title": "Strange Dream", "end_time": 885}, {"start_time": 885, "title": "Scenic Underground Pass", "end_time": 955}, {"start_time": 955, "title": "Yinglung Pass", "end_time": 1065}, {"start_time": 1065, "title": "Blightshade Attack", "end_time": 1300}, {"start_time": 1300, "title": "Proxy Appearance", "end_time": 1410}, {"start_time": 1410, "title": "Proxy Introduces herself", "end_time": 1530}, {"start_time": 1530, "title": "Ardashir?!", "end_time": 1770}, {"start_time": 1770, "title": "Ardashir Captured?", "end_time": 4095}, {"start_time": 4095, "title": "Zhuang Fangyi Arriving", "end_time": 4370}, {"start_time": 4370, "title": "North Wuling Exclusion Zone", "end_time": 4720}, {"start_time": 4720, "title": "Debriefing The Plan", "end_time": 4996}, {"start_time": 4996, "title": "Supreme Chief Caught", "end_time": 6830}, {"start_time": 6830, "title": "Arcane Stresses Out", "end_time": 7365}, {"start_time": 7365, "title": "Instructor Zhu Guiding", "end_time": 7599}, {"start_time": 7599, "title": "Arcane's pet", "end_time": 7735}, {"start_time": 7735, "title": "Farewell Blitzcrash", "end_time": 7880}, {"start_time": 7880, "title": "Cutscene - Instructor Zhu 1v2", "end_time": 10110}, {"start_time": 10110, "title": "Bridge Built", "end_time": 10435}, {"start_time": 10435, "title": "Cutscene - Arcane Falls", "end_time": 10565}, {"start_time": 10565, "title": "Familiar Gameplay Movement", "end_time": 10764}, {"start_time": 10764, "title": "Arcane Passes Out", "end_time": 11300}, {"start_time": 11300, "title": "Arcane Recognizes herself", "end_time": 11880}, {"start_time": 11880, "title": "Arcane's Character Growth", "end_time": 12240}, {"start_time": 12240, "title": "Mysterious Sword", "end_time": 12320}, {"start_time": 12320, "title": "Stopping Shockwaves", "end_time": 13980}, {"start_time": 13980, "title": "Cutscene - The Very Large Rift", "end_time": 14020}, {"start_time": 14020, "title": "Cutscene - Alleikhreos Awakening", "end_time": 14135}, {"start_time": 14135, "title": "Boss Fight", "end_time": 14208}, {"start_time": 14208, "title": "Cutscene - Alleikhreos Phase 2", "end_time": 14418}, {"start_time": 14418, "title": "Cutscene - Alleikhreos Defeated", "end_time": 14630}, {"start_time": 14630, "title": "Nefarith Betrayal", "end_time": 14790}, {"start_time": 14790, "title": "Ardashir Death?", "end_time": 15290}, {"start_time": 15290, "title": "Endmin Aether Infection", "end_time": 15820}, {"start_time": 15820, "title": "Talk with Si", "end_time": 15940}, {"start_time": 15940, "title": "Ardashir Alive?", "end_time": 16050}, {"start_time": 16050, "title": "M3 drops bits of Lore", "end_time": 16280}, {"start_time": 16280, "title": "Quest Ends", "end_time": 16586}, {"start_time": 16586, "title": "End", "end_time": 16587}]
https://www.youtube.com/watch?v=RhCxHyktOGk	5466	"20260420"	136	[{"start_time": 0, "title": "A Breach Starts with a Crack", "end_time": 1055}, {"start_time": 1055, "title": "Patience Makes Greatness", "end_time": 2183}, {"start_time": 2183, "title": "Forged at the Very Beginning", "end_time": 3163}, {"start_time": 3163, "title": "Kindred Souls Who Share a Vision", "end_time": 5466}]
https://www.youtube.com/watch?v=RmbQhc4DTBw	2829	"20260317"	1054	NA
https://www.youtube.com/watch?v=QAnPKS0VP6Y	5719	"20260421"	11	NA
https://www.youtube.com/watch?v=RnisVuyvT-Q	7356	"20260128"	590	NA
https://www.youtube.com/watch?v=RyH00frysOw	6031	"20260128"	905	NA
https://www.youtube.com/watch?v=RmfXuX-q5lo	4136	"20260417"	4647	NA
https://www.youtube.com/watch?v=S0L0U8y8Ww0	4029	"20260504"	232	[{"start_time": 0, "title": "Thus Rise The Wave And Wind Quest", "end_time": 504}, {"start_time": 504, "title": "Tremors Of The Crashing Tides Quest", "end_time": 1355}, {"start_time": 1355, "title": "TangTang To The Rescue ( Cutscene )", "end_time": 1730}, {"start_time": 1730, "title": "Nefarith Boss Fight", "end_time": 2676}, {"start_time": 2676, "title": "Where Friendship Was Made Quest", "end_time": 4029}]
https://www.youtube.com/watch?v=SDvogYQ26fU	981	"20260715"	26	NA
https://www.youtube.com/watch?v=SPeNGzNv7tI	175	"20260128"	1385	NA
https://www.youtube.com/watch?v=SH6KdpBrOSw	4980	"20260416"	28	NA
https://www.youtube.com/watch?v=SdQdEq8Nhf4	14691	"20260417"	45	[{"start_time": 0, "title": "Verify Situation with Mi Fu", "end_time": 889}, {"start_time": 889, "title": "Meeting Arcane", "end_time": 2701}, {"start_time": 2701, "title": "Meeting Ardashir Again", "end_time": 3193}, {"start_time": 3193, "title": "Retrieve Xirancore jade", "end_time": 3941}, {"start_time": 3941, "title": "Talk with Ardashir", "end_time": 4574}, {"start_time": 4574, "title": "Defend the Feranmunt Heart", "end_time": 5033}, {"start_time": 5033, "title": "Deploy Sub-PAC", "end_time": 5940}, {"start_time": 5940, "title": "Wuling City Defense", "end_time": 7120}, {"start_time": 7120, "title": "Nefarith VS Zhuang Fangyi & Endmin", "end_time": 7860}, {"start_time": 7860, "title": "Others", "end_time": 12444}, {"start_time": 12444, "title": "Fixing the Rift", "end_time": 14370}, {"start_time": 14370, "title": "Zhuang Fangyi & Endmin Shares a Drink", "end_time": 14691}]
https://www.youtube.com/watch?v=T1VA6MGpJfM	5768	"20260215"	20	[{"start_time": 0, "title": "Conference of the Four", "end_time": 1067}, {"start_time": 1067, "title": "Arrival at Wuling", "end_time": 3776}, {"start_time": 3776, "title": "Stumbling Into Qingbo Stockade", "end_time": 4636}, {"start_time": 4636, "title": "Destination Wuling", "end_time": 5768}]
https://www.youtube.com/watch?v=SuXezz8FLks	12819	"20260128"	234	NA
https://www.youtube.com/watch?v=TJVZjTYZDZ4	1869	"20260725"	6	NA
https://www.youtube.com/watch?v=TGr1sP5pg4Q	15657	"20260123"	25	NA
https://www.youtube.com/watch?v=TLuSPeOZATI	4370	"20260129"	514	NA
https://www.youtube.com/watch?v=TNNYeoymues	13196	"20260125"	167	NA
https://www.youtube.com/watch?v=Uc0KQdx0rw8	39541	"20260123"	6749	[{"start_time": 0, "title": "Arrival and awakening", "end_time": 1460}, {"start_time": 1460, "title": "Deployment to the valley", "end_time": 1714}, {"start_time": 1714, "title": "Securing the hub base", "end_time": 2187}, {"start_time": 2187, "title": "Destroying the anchor", "end_time": 2787}, {"start_time": 2787, "title": "Power restoration", "end_time": 3313}, {"start_time": 3313, "title": "Landbreaker conflict", "end_time": 3728}, {"start_time": 3728, "title": "Securing the routes", "end_time": 4216}, {"start_time": 4216, "title": "Advanced AIC deployment", "end_time": 4702}, {"start_time": 4702, "title": "Byproduct center security", "end_time": 5016}, {"start_time": 5016, "title": "Prototype retrieval", "end_time": 5354}, {"start_time": 5354, "title": "Rescuing staff", "end_time": 5954}, {"start_time": 5954, "title": "Arsenal reinforcement", "end_time": 6405}, {"start_time": 6405, "title": "Investigating valley fort", "end_time": 7268}, {"start_time": 7268, "title": "Comms restoration", "end_time": 7637}, {"start_time": 7637, "title": "Securing valley pass", "end_time": 7979}, {"start_time": 7979, "title": "Encountering the pack", "end_time": 8552}, {"start_time": 8552, "title": "Investigating the haze", "end_time": 8945}, {"start_time": 8945, "title": "Rescuing trapped civilians", "end_time": 9336}, {"start_time": 9336, "title": "Establishing an outpost", "end_time": 9865}, {"start_time": 9865, "title": "Fortifying the outpost", "end_time": 10336}, {"start_time": 10336, "title": "Defending the refuge", "end_time": 10767}, {"start_time": 10767, "title": "Ether rift investigation", "end_time": 11156}, {"start_time": 11156, "title": "Infiltrating breaker lair", "end_time": 11612}, {"start_time": 11612, "title": "Battling the chief", "end_time": 12054}, {"start_time": 12054, "title": "Securing the fort", "end_time": 12396}, {"start_time": 12396, "title": "Clearing the landslide", "end_time": 12791}, {"start_time": 12791, "title": "Preparing the drill", "end_time": 13322}, {"start_time": 13322, "title": "Rendezvous on Dijiang", "end_time": 13627}, {"start_time": 13627, "title": "Status meeting", "end_time": 13911}, {"start_time": 13911, "title": "New industrial threats", "end_time": 14120}, {"start_time": 14120, "title": "Artillery support preparation", "end_time": 14500}, {"start_time": 14500, "title": "Clearing the science park", "end_time": 15077}, {"start_time": 15077, "title": "Rescuing scientists", "end_time": 15691}, {"start_time": 15691, "title": "Stabilizing the prototype", "end_time": 16183}, {"start_time": 16183, "title": "Final assault preparation", "end_time": 16752}, {"start_time": 16752, "title": "Securing the power plant", "end_time": 17116}, {"start_time": 17116, "title": "Activating Utuk order", "end_time": 17515}, {"start_time": 17515, "title": "The final battle", "end_time": 17920}, {"start_time": 17920, "title": "Conclusion", "end_time": 39541}]
https://www.youtube.com/watch?v=UIbiKNvvK8Y	3208	"20260422"	12	NA
https://www.youtube.com/watch?v=UyVTPhOmhFU	11206	"20260421"	5	NA
https://www.youtube.com/watch?v=V3OspcVroAY	13778	"20260128"	27	NA
https://www.youtube.com/watch?v=ViyXf41HeqM	260	"20260129"	12275	NA
https://www.youtube.com/watch?v=VgouRpczvJo	5542	"20260305"	79	[{"start_time": 0, "title": "Arrival at Wuling", "end_time": 2625}, {"start_time": 2625, "title": "Destination Wuling", "end_time": 3893}, {"start_time": 3893, "title": "Destination Wuling", "end_time": 5542}]
https://www.youtube.com/watch?v=VqBGOprFDdc	12187	"20260312"	37	NA
https://www.youtube.com/watch?v=X0twPuBizTw	267	"20260201"	2027	NA
https://www.youtube.com/watch?v=XHm9qCV-4Fs	2000	"20260707"	35	NA
https://www.youtube.com/watch?v=XbRbc-JJxug	236	"20260418"	507	NA
https://www.youtube.com/watch?v=X_6535pydbo	26873	"20260204"	23	NA
https://www.youtube.com/watch?v=XrIMyS7SJr8	6634	"20260127"	25	NA
https://www.youtube.com/watch?v=XIoGaKXzsE8	1637	"20260717"	157500	[{"start_time": 0, "title": "Introduction", "end_time": 38}, {"start_time": 38, "title": "Mission", "end_time": 104}, {"start_time": 104, "title": "BP Requirements", "end_time": 269}, {"start_time": 269, "title": "Blueprint", "end_time": 375}, {"start_time": 375, "title": "1st Fissure", "end_time": 514}, {"start_time": 514, "title": "2nd Fissure", "end_time": 643}, {"start_time": 643, "title": "3rd Fissure", "end_time": 749}, {"start_time": 749, "title": "4th Fissure", "end_time": 1107}, {"start_time": 1107, "title": "5th Fissure", "end_time": 1637}]
https://www.youtube.com/watch?v=Xx5smTCV9lk	277	"20260225"	17	NA
https://www.youtube.com/watch?v=Y23Z-lJngnQ	1454	"20260324"	479	NA
https://www.youtube.com/watch?v=XzBoth5sdDs	21768	"20260128"	20	[{"start_time": 0, "title": "Intro", "end_time": 8}, {"start_time": 8, "title": "Process I: The Broken Lands", "end_time": 7830}, {"start_time": 7830, "title": "Process II: The Turbid Heavens", "end_time": 9681}, {"start_time": 9681, "title": "Process III: Path of Ascension", "end_time": 16158}, {"start_time": 16158, "title": "Process IV: Smoking Embers", "end_time": 21768}]
https://www.youtube.com/watch?v=Y9jg4uS7VOM	2270	"20260126"	406	NA
https://www.youtube.com/watch?v=YXAs56yaCZE	2148	"20260719"	21	NA
https://www.youtube.com/watch?v=YAhWqsJDubA	2087	"20260202"	24	NA
https://www.youtube.com/watch?v=YuOeKpDAUOU	239	"20260130"	2611	NA
https://www.youtube.com/watch?v=ZDO_CrxkKqU	2537	"20260221"	56	NA
https://www.youtube.com/watch?v=YYxkNXwmndk	16872	"20260623"	7	NA
https://www.youtube.com/watch?v=ZKmTgqufWps	3782	"20260128"	98	NA
https://www.youtube.com/watch?v=ZRhLlEPK81o	113	"20260201"	1120	NA
https://www.youtube.com/watch?v=ZMMgleAYFrA	300	"20231030"	453	NA
https://www.youtube.com/watch?v=ZVR4SBXJd68	2054	"20260512"	24	NA
https://www.youtube.com/watch?v=Zdu2vQPDMj0	8475	"20260212"	161	[{"start_time": 0, "title": "A Glance of Astonishment Quest", "end_time": 43}, {"start_time": 43, "title": "A Breeze Away Quest", "end_time": 1806}, {"start_time": 1806, "title": "Of Grace and Gentle Might Quest", "end_time": 4352}, {"start_time": 4352, "title": "The Surging Tide Quest", "end_time": 7260}, {"start_time": 7260, "title": "Where Danger Sleeps Quest", "end_time": 8475}]
https://www.youtube.com/watch?v=Zm94AqIAHiU	218	"20260201"	14161	NA
https://www.youtube.com/watch?v=Zt-yuEwURGo	180	"20260201"	1137	NA
https://www.youtube.com/watch?v=_UIU0SXPNQc	1896	"20260325"	18	NA
https://www.youtube.com/watch?v=_KlABMrwF5g	5659	"20260512"	15	NA
https://www.youtube.com/watch?v=_UaySOg0yM4	1302	"20260225"	18	NA
https://www.youtube.com/watch?v=_ab2n-_P3tU	843	"20231026"	4491	NA
https://www.youtube.com/watch?v=_ot_UQZYTfA	9649	"20260125"	33	NA
https://www.youtube.com/watch?v=_s2R8cjCau0	5400	"20260213"	23	NA
https://www.youtube.com/watch?v=aZ3xtGvrHuQ	2325	"20260419"	14	[{"start_time": 0, "title": "A Breach Starts with a Crack", "end_time": 8}, {"start_time": 8, "title": "Zhuang Fangyi bunch of baker messages", "end_time": 298}, {"start_time": 298, "title": "Cutscenes, Tianshi Zhuang bad premonition", "end_time": 638}, {"start_time": 638, "title": "Immersion mode", "end_time": 705}, {"start_time": 705, "title": "go to underground array", "end_time": 1056}, {"start_time": 1056, "title": "back to surface", "end_time": 1326}, {"start_time": 1326, "title": "Xiranite Nexus", "end_time": 1610}, {"start_time": 1610, "title": "Patience Makes Greatness", "end_time": 1662}, {"start_time": 1662, "title": "Meet Mi Fu on monitoring center", "end_time": 1715}, {"start_time": 1715, "title": "Enter immersion mode", "end_time": 2042}, {"start_time": 2042, "title": "Meet Lifeng on grave", "end_time": 2325}]
https://www.youtube.com/watch?v=aL0CNc1kynU	12374	"20260315"	78	NA
https://www.youtube.com/watch?v=bsE-0CZUSd0	7220	"20260128"	1802	NA
https://www.youtube.com/watch?v=bH8_otJb5JM	200	"20260709"	15	NA
https://www.youtube.com/watch?v=btM6oefzaik	81	"20260201"	22262	NA
https://www.youtube.com/watch?v=c9vsIA83te0	2870	"20260201"	5	NA
https://www.youtube.com/watch?v=cc5CraacC-g	379	"20260724"	21	NA
https://www.youtube.com/watch?v=dDLUMmQqxsI	136	"20260411"	2060144	NA
https://www.youtube.com/watch?v=cCtZ4wkcfOA	682	"20260317"	36	NA
https://www.youtube.com/watch?v=db55_nc7P4k	12514	"20260319"	14283	NA
https://www.youtube.com/watch?v=dIq5cDghSKI	14685	"20260717"	158	NA
https://www.youtube.com/watch?v=dJ_8nf88gAU	2279	"20260709"	35	NA
https://www.youtube.com/watch?v=dklOiIgWW3U	1977	"20260125"	180	NA
https://www.youtube.com/watch?v=eG_gFAc7kC4	222	"20260607"	3	NA
https://www.youtube.com/watch?v=eBDKRf4I2NA	1326	"20260219"	92	NA
https://www.youtube.com/watch?v=fBPUBH71bVI	453	"20260306"	56	NA
https://www.youtube.com/watch?v=fydRSTNkokU	2091	"20260204"	17	NA
https://www.youtube.com/watch?v=g-P6-NugRgY	3077	"20260410"	15	[{"start_time": 0, "end_time": 5, "title": "<Untitled Chapter 1>"}, {"start_time": 5, "title": "Arrival at Wuling", "end_time": 1829}, {"start_time": 1829, "title": "Stumbling Into Qingbo Stockade", "end_time": 2379}, {"start_time": 2379, "title": "Destination Wuling", "end_time": 3077}]
https://www.youtube.com/watch?v=fKUi7tYOi_Q	159	"20260719"	30	NA
https://www.youtube.com/watch?v=grO8PmH83Ko	5581	"20260417"	762	NA
https://www.youtube.com/watch?v=gsOI_wNwDtE	2750	"20260606"	44	NA
https://www.youtube.com/watch?v=gxu2MsCffXI	5140	"20260423"	18	NA
https://www.youtube.com/watch?v=hSJxd7X-g8k	2723	"20260215"	14	NA
https://www.youtube.com/watch?v=hNY4jwigfXE	6214	"20260301"	6	NA
https://www.youtube.com/watch?v=gYeVza4aTRA	6118	"20260423"	90	NA
https://www.youtube.com/watch?v=hjWPZD3P75k	3493	"20260418"	15	NA
https://www.youtube.com/watch?v=hv51lr8jFNk	3870	"20260420"	13	NA
https://www.youtube.com/watch?v=iWYxXh7cKE4	5192	"20260420"	56	NA
https://www.youtube.com/watch?v=ichyDSUXeSA	1779	"20260211"	3	NA
https://www.youtube.com/watch?v=iWGtumNDNPE	1312	"20260227"	9	[{"start_time": 0, "end_time": 5, "title": "<Untitled Chapter 1>"}, {"start_time": 5, "title": "Paving the Way", "end_time": 442}, {"start_time": 442, "title": "Work Preparation", "end_time": 523}, {"start_time": 523, "title": "Maintenance Progress", "end_time": 1312}]
https://www.youtube.com/watch?v=idZTBaKvZss	9675	"20260125"	320	NA
https://www.youtube.com/watch?v=hzGnH95ww6I	113	"20260129"	2923	NA
https://www.youtube.com/watch?v=j7LbiqzDPcw	1015	"20260422"	68	NA
https://www.youtube.com/watch?v=kurn2vCS0xM	166	"20260122"	1007	NA
https://www.youtube.com/watch?v=knrT3XZ-GQk	1357	"20260419"	205	[{"start_time": 0, "title": "Go to the Main Pillar Office", "end_time": 251}, {"start_time": 251, "title": "Tremors of the Crashing Tide", "end_time": 1357}]
https://www.youtube.com/watch?v=l31CaW28olA	12047	"20260314"	181	NA
https://www.youtube.com/watch?v=m6XyYfWCDAw	752	"20260714"	33	NA
https://www.youtube.com/watch?v=lT6cu6MDqu8	657	"20260712"	38	NA
https://www.youtube.com/watch?v=mlFh15mwUAE	1285	"20260126"	34	[{"start_time": 0, "title": "Quest info - Return to the shelter", "end_time": 168}, {"start_time": 168, "title": "Enter the ventilation shaft", "end_time": 263}, {"start_time": 263, "title": "Investigate the area", "end_time": 393}, {"start_time": 393, "title": "Leave this place", "end_time": 473}, {"start_time": 473, "title": "Go to the small denstack closest to you", "end_time": 640}, {"start_time": 640, "title": "Destroy the small denstack 1", "end_time": 755}, {"start_time": 755, "title": "Destroy the small denstack 2", "end_time": 1186}, {"start_time": 1186, "title": "Destroy the small denstack 3", "end_time": 1260}, {"start_time": 1260, "title": "Reach the Valley Fort", "end_time": 1285}]
https://www.youtube.com/watch?v=mn4d_b8ExAA	45493	"20260127"	29874	[{"start_time": 0, "title": "Chapter 1", "end_time": 31630}, {"start_time": 31630, "title": "Chapter 2", "end_time": 45493}]
https://www.youtube.com/watch?v=nJJzwuxdivM	2318	"20260719"	78	NA
https://www.youtube.com/watch?v=p-ee4KmsMpA	1116	"20260203"	99	NA
https://www.youtube.com/watch?v=s8qMDLLFxb8	5316	"20260526"	32	[{"start_time": 0, "title": "A Breach Starts with a Crack", "end_time": 1083}, {"start_time": 1083, "title": "Patience Makes Greatness", "end_time": 2197}, {"start_time": 2197, "title": "Forged at the Very Beginning", "end_time": 3132}, {"start_time": 3132, "title": "Kindred Souls Who Share a Vision", "end_time": 5316}]
https://www.youtube.com/watch?v=taKq0_I1Nig	529	"20260202"	90	NA
https://www.youtube.com/watch?v=vVd3_ssQVUA	11035	"20260201"	26	[{"start_time": 0, "title": "Intro", "end_time": 14}, {"start_time": 14, "title": "Process I: Lost in the Marsh", "end_time": 4037}, {"start_time": 4037, "title": "Process II: The Way of Water", "end_time": 11035}]
https://www.youtube.com/watch?v=vqsZbCuWInY	10317	"20260616"	16	NA
https://www.youtube.com/watch?v=xsJDJaZGpcY	98	"20260125"	3745	NA
https://www.youtube.com/watch?v=y07ZK7H12SA	5208	"20260313"	19	[{"start_time": 0, "end_time": 5, "title": "<Untitled Chapter 1>"}, {"start_time": 5, "title": "The Mission Continues", "end_time": 498}, {"start_time": 498, "title": "Cross the Science Park", "end_time": 1253}, {"start_time": 1253, "title": "Park Way Party", "end_time": 1455}, {"start_time": 1455, "title": "Walk in the Park", "end_time": 1946}, {"start_time": 1946, "title": "Mystery in the Building", "end_time": 2683}, {"start_time": 2683, "title": "Down the Mountain", "end_time": 2857}, {"start_time": 2857, "title": "Shattered Veins", "end_time": 4651}, {"start_time": 4651, "title": "Lodespring Crossing", "end_time": 4943}, {"start_time": 4943, "title": "Cradle of Ages", "end_time": 5175}, {"start_time": 5175, "title": "Eve of Battle", "end_time": 5208}]
https://www.youtube.com/watch?v=yleAYcxmhWA	1707	"20260122"	4	NA
https://www.youtube.com/watch?v=yqVUEtyzLcc	5229	"20260417"	30	NA
https://www.youtube.com/watch?v=ytWufC4dA5w	954	"20260308"	52	NA
https://www.youtube.com/watch?v=nX4CNPLYnnY	7523	"20260525"	4	NA
https://www.youtube.com/watch?v=oNt-jKiDCb4	5128	"20260126"	68	NA
https://www.youtube.com/watch?v=qug4R09XQj0	15648	"20260724"	36	[{"start_time": 0, "title": "Intro", "end_time": 55}, {"start_time": 55, "title": "Meeting Fangyi In Dijang", "end_time": 360}, {"start_time": 360, "title": "Checking up on Arcane", "end_time": 923}, {"start_time": 923, "title": "Reaching Yinglung Pass", "end_time": 1235}, {"start_time": 1235, "title": "Meeting the Proxy (Si)", "end_time": 1697}, {"start_time": 1697, "title": "Interrogating Ardashir", "end_time": 2190}, {"start_time": 2190, "title": "Si's Ritual: Activating the Balepyre Towers", "end_time": 3947}, {"start_time": 3947, "title": "North Wuling Exclusion Zone", "end_time": 5591}, {"start_time": 5591, "title": "Search the First Rift (Urban Area)", "end_time": 5820}, {"start_time": 5820, "title": "Contain the First Rift (Urban Area)", "end_time": 6014}, {"start_time": 6014, "title": "Tanjian Hall Ruins", "end_time": 7329}, {"start_time": 7329, "title": "Arcane and Chen vs Instructor Zhu", "end_time": 7630}, {"start_time": 7630, "title": "Tanjian Hall Sentry Base", "end_time": 7950}, {"start_time": 7950, "title": "Search Second Rift (Quelltide Levee)", "end_time": 8430}, {"start_time": 8430, "title": "Contain the Second Rift (Quelltide Levee)", "end_time": 8607}, {"start_time": 8607, "title": "Xiranite Research Labs and Sentry Base", "end_time": 8910}, {"start_time": 8910, "title": "Collecting Xiranite Research Labs Data", "end_time": 9428}, {"start_time": 9428, "title": "Xiranite Bridge", "end_time": 9840}, {"start_time": 9840, "title": "Arcanes Past", "end_time": 11610}, {"start_time": 11610, "title": "Discovery of the \u00c6ther Greatsword", "end_time": 12000}, {"start_time": 12000, "title": "Regroup with Chen and Perlica", "end_time": 12130}, {"start_time": 12130, "title": "Search the Final Rift", "end_time": 12490}, {"start_time": 12490, "title": "Contain the Final Rift Fissure", "end_time": 12690}, {"start_time": 12690, "title": "Meeting Zhuang Fangyi at Celestial Column", "end_time": 13290}, {"start_time": 13290, "title": "Sealing the Very Large Rift", "end_time": 13341}, {"start_time": 13341, "title": "Boss Fight - Alleikhreos", "end_time": 13980}, {"start_time": 13980, "title": "Nefarith meets Ardashir", "end_time": 14212}, {"start_time": 14212, "title": "Operation Homecoming Aftermath", "end_time": 15360}, {"start_time": 15360, "title": "The Foundation Mystery", "end_time": 15648}]
https://www.youtube.com/watch?v=rb2A0y2SVC8	4780	"20260504"	63	NA
https://www.youtube.com/watch?v=rkiZoVmIZcQ	30700	"20260203"	11	NA
https://www.youtube.com/watch?v=s7MwdmpVvxk	5772	"20260206"	11	[{"start_time": 0, "end_time": 5, "title": "<Untitled Chapter 1>"}, {"start_time": 5, "title": "Break the Siege", "end_time": 812}, {"start_time": 812, "title": "Reboot the Valley", "end_time": 1718}, {"start_time": 1718, "title": "Rally and Unite", "end_time": 3107}, {"start_time": 3107, "title": "Westward into the Vale", "end_time": 3401}, {"start_time": 3401, "title": "Secure Sanctuary", "end_time": 4332}, {"start_time": 4332, "title": "Building an Outpost", "end_time": 4791}, {"start_time": 4791, "title": "Through the Haze", "end_time": 5295}, {"start_time": 5295, "title": "Fort Showdown", "end_time": 5772}]
https://www.youtube.com/watch?v=vccDtCUiiiA	9408	"20260128"	85	NA
https://www.youtube.com/watch?v=va4nnCvNrVM	9530	"20260124"	238	NA
https://www.youtube.com/watch?v=BPBMbzgxuFA	1050	"20260123"	9	NA
https://www.youtube.com/watch?v=Ce66Lcg5hws	997	"20260316"	6	NA
https://www.youtube.com/watch?v=FZIt89la5-E	1796	"20260210"	27	NA
https://www.youtube.com/watch?v=UF5RRueHqqk	3407	"20260504"	1	NA
https://www.youtube.com/watch?v=V7Nh97Fw9Io	6144	"20260515"	42	NA
https://www.youtube.com/watch?v=_bK61DteAJc	2042	"20260122"	18	[{"start_time": 0, "title": "Introduction", "end_time": 50}, {"start_time": 50, "title": "The Journey Begins", "end_time": 232}, {"start_time": 232, "title": "Combat Tutorial", "end_time": 441}, {"start_time": 441, "title": "The Tower", "end_time": 505}, {"start_time": 505, "title": "Calling For Help", "end_time": 647}, {"start_time": 647, "title": "Entering the Past", "end_time": 878}, {"start_time": 878, "title": "Ereignis", "end_time": 1216}, {"start_time": 1216, "title": "Awakening Life", "end_time": 1320}, {"start_time": 1320, "title": "Remember Who You Are", "end_time": 1426}, {"start_time": 1426, "title": "Awake", "end_time": 1570}, {"start_time": 1570, "title": "The Dijiang", "end_time": 1680}, {"start_time": 1680, "title": "Revelation", "end_time": 1915}, {"start_time": 1915, "title": "A New Threat", "end_time": 2042}]
https://www.youtube.com/watch?v=bpZL-mXWFyQ	5388	"20260517"	30	NA
https://www.youtube.com/watch?v=m5eYUxdbSQA	4704	"20260222"	7	NA
https://www.youtube.com/watch?v=pLdlAuLwpl0	4708	"20260717"	100	NA
https://www.youtube.com/watch?v=q_Kh9ajLIvE	3976	"20260708"	33	NA
https://www.youtube.com/watch?v=rAkUIV_rEcE	8284	"20260209"	180	[{"start_time": 0, "title": "Arrival at Wuling Quest", "end_time": 3043}, {"start_time": 3043, "title": "Stumbling into Qingbo Stockade Quest", "end_time": 5104}, {"start_time": 5104, "title": "Destination Wuling Quest", "end_time": 8284}]
https://www.youtube.com/watch?v=uKsB2xkNXZk	1929	"20260220"	15	NA
https://www.youtube.com/watch?v=yiKG3AXyFc0	241	"20260125"	2	NA
https://www.youtube.com/watch?v=Dq9N0Lqr9CI	1073	"20260316"	6	NA
https://www.youtube.com/watch?v=jy6AMRkzdnQ	6941	"20260210"	56	NA
https://www.youtube.com/watch?v=oxU-5KUaZJ8	1611	"20260314"	9	NA
https://www.youtube.com/watch?v=s5ov5cjKFJ4	2311	"20260123"	140	[{"start_time": 0, "title": "Shattered Veins", "end_time": 730}, {"start_time": 730, "title": "Lodespring Crossing", "end_time": 1571}, {"start_time": 1571, "title": "Cradle of the Ages", "end_time": 2311}]
https://www.youtube.com/watch?v=umkbaZcVthI	9059	"20260305"	174	[{"start_time": 0, "title": "A Glance of Astonishment", "end_time": 1822}, {"start_time": 1822, "title": "A Breeze Away", "end_time": 3272}, {"start_time": 3272, "title": "Of Grace and Gentle Might", "end_time": 5543}, {"start_time": 5543, "title": "The Surging Tide", "end_time": 8438}, {"start_time": 8438, "title": "Where Danger Sleeps", "end_time": 9059}]
https://www.youtube.com/watch?v=uKPe6bvssPQ	42690	"20260824"	14	NA
https://www.youtube.com/watch?v=y5e0gaf17gs	5396	"20260418"	1082	NA
