1558	[Honkai Impact 3rd] Story Part 2 Chapter XI EX - The Night Which the Light Dreams of Part 4	Aldi Rief	https://www.youtube.com/watch?v=DGgijayW-Z8	4
1623	Ch. 11-EX: The Night Which the Light Dreams Of (Pt. 4) | Story Part 2 | Honkai Impact 3rd	KEEA ‧₊˚	https://www.youtube.com/watch?v=fJBEFsMXo9w	4
3835	Chapter 53 EX The Night Which the Light Dreams Of (Part 2)- Honkai Impact 3rd	Fami Rodriguez	https://www.youtube.com/watch?v=ftsWCazxG4I	4
7371	Senadina | Chapter 11-EX: The Night Which the Light Dreams Of - Honkai Impact 3rd Part 2 [CN Dub]	Honokazuuu	https://www.youtube.com/watch?v=d8-xYl_p88g	104
4129	Honkai Impact 3 - Gemina Invasions: Deep Paradise - Album story	Night.K	https://www.youtube.com/watch?v=LUrwFVaJ1gs	3106
21	RITA CUTSCENE HONKAI IMPACT	ULTIMATE COORDINATOR 	https://www.youtube.com/watch?v=gNl8r0i8iwg	547
74	[No. 2: Paralyze] Starless Nights gameplay with Trial Valkyries	Abzie.視力	https://www.youtube.com/watch?v=BoX4cuk3qm0	647
120	v8.7 Passage to New Dawns Trailer — Honkai Impact 3rd	Honkai Impact 3rd	https://www.youtube.com/watch?v=1nSjq8rQAPo	66506
661	Honkai Impact 3 gameplay - Demonic Seed?!?! It’s LIKE BLACK HOLE! (Sanka Saga)	AetoKun	https://www.youtube.com/watch?v=sdBy4HF4WU4	205
1024	Honkai Impact 3 - Part 16 Everlasting Memories 1-1, 1-2 THERESA!!!!!	Morphsuit America	https://www.youtube.com/watch?v=0vMd4twbBbE	363
980	[Honkai Impact 3] Chapter:XII Echo of Shadow Stage Ex 1 - Ex 5	DrySuki	https://www.youtube.com/watch?v=Qn7o4dr2hVQ	185
721	HI3xEVA COLLAB IS GOING TO BE NUTTY | HOR GETTING 2 OUTFITS?!! | HONKAI IMPACT 3	Further Beyond Gaming	https://www.youtube.com/watch?v=6AGaml0jKRs	2000
8905	The Night Which the Light Dreams Of Full Story | Honkai Impact 3rd 8.7	KNCPG	https://www.youtube.com/watch?v=mgYTCSZHIfo	792
548	Honkai Impact 8.7 Story Summary 🌙✨ | The Night the Light Dreams Of	Matt Is Playing	https://www.youtube.com/watch?v=5dSjCo83__8	612
10236	The Night Which The Light Dreams Of- Full Playthrough! Honkai Impact 3rd event (Senadina)	Slodolo	https://www.youtube.com/watch?v=Oy04DUF0fO8	18
31931	Honkai Impact 3rd Part 2 Ch 11EX The Night Which the Light Dreams Of What Story Will Be Told?	Glythic Mirror	https://www.youtube.com/watch?v=pLjjyu3u_Fo	35
5285	Chapter 53 EX The Night Which the Light Dreams Of (Part 1)- Honkai Impact 3rd	Fami Rodriguez	https://www.youtube.com/watch?v=MSjflqK2zJg	4
10798	Honkai Impact 3rd - 8.7 Story - The Night Which the Light Dreams Of	Kurib	https://www.youtube.com/watch?v=nNl4r-btPMM	33
5258	Honkai impact 3 | The Night Which the Light Dreams Of | No commentary (Complete)	BukanSiapa2	https://www.youtube.com/watch?v=ciDHY0Eqj7w	7
20408	Honkai Impact 3rd Part 2 Ch 11EX The Night Which the Light Dreams Of Laquadar Lore	Glythic Mirror	https://www.youtube.com/watch?v=cG1Mx-JrzHw	37
6548	[Part 1] Honkai Impact 3rd Part 2 Chapter 11 Interlude:  The Night Which the Light Dreams Of	Khairz Newtype	https://www.youtube.com/watch?v=729zO35ytYg	32
2399	[Honkai Impact 3rd] Story Part 2 Chapter XI EX - The Night Which the Light Dreams of Part 1	Aldi Rief	https://www.youtube.com/watch?v=3h2_GjIyoME	5
8793	Main Story Part 2 Chapter XI: The Night Which the Light Dreams of | Honkai Impact 3rd [v8.7]	Nanoha61	https://www.youtube.com/watch?v=K2Ak3ZvfkEw	28
2395	[Honkai Impact 3rd] Story Part 2 Chapter XI EX - The Night Which the Light Dreams of Part 2	Aldi Rief	https://www.youtube.com/watch?v=4ayeIS703Ss	7
1983	Honkai Impact 3rd Main Menu Ambience (Midnight)	KeybladeKnight14	https://www.youtube.com/watch?v=QBUxGQHwMLE	47
611	Twilight Knight Augment Core Theresa Violet Executor | Honkai Impact CN (崩坏3rd)	Whize Ngopskuy	https://www.youtube.com/watch?v=aXnFDMNM93w	7807
3494	Aurum Alley's Hustle And Bustle Part 1 | Let's Play Honkai: Star Rail 1.3	TheWayCafe	https://www.youtube.com/watch?v=hJT2f50gbYc	2299
8844	Honkai Impact 3rd Part 2 Chapter 11EX The Night Which the Light Dreams Of Full CG JP Dub	itsOgiru	https://www.youtube.com/watch?v=HVHjSHHxL6A	2704
5329	Honkai Impact 3rd Story Chapter 14 4k 60 FPS English Subtitles Gameplay Walkthrough	KING1993GAMING	https://www.youtube.com/watch?v=Zc2h-cBOYV0	26372
2750	Honkai Impact 3rd Event "Before the Endless Dream Ends" part 1	Nbs	https://www.youtube.com/watch?v=njGnAvv5_DA	21
8921	Kiana & Senadina | Honkai Impact 3rd Part 2 Story Quest Chapter 11 Interlude Walkthrough Gameplay JP	DafDazDay	https://www.youtube.com/watch?v=kjFvgJ7bX5c	1460
277	Honkai Impact 3rd - Dreams of Gemina (The Showdown)	Jirangu	https://www.youtube.com/watch?v=iyjVOA1gzT0	259
3300	NieR Reincarnation English Walkthrough Story Chapter 4	Mike Fringe	https://www.youtube.com/watch?v=K5HnmOVrM7E	1966
207	Honkai Impact 3rd - Chasing Light, Drinking Shadow Event Missions Gameplay Pt 10	LonePhoenix	https://www.youtube.com/watch?v=5dyjRqeFj4s	10
