21334	Honkai Impact - Part 2 Chapter X (Chapter 10) - Reunited Under the Light of Faith (Complete)	Aira Delasse	https://www.youtube.com/watch?v=oiAC7YokrlE	364
13669	Reunited Under the Light of Faith Full Story | Honkai Impact 3rd 8.5	KNCPG	https://www.youtube.com/watch?v=92CBRw9jFQY	1440
1164	Side Mission - Reunited Under the Light of Faith | Honkai Impact 3rd 8.5	KNCPG	https://www.youtube.com/watch?v=iDWcJxM9khw	73
12276	붕괴 3rd ver. 8.4 메인스토리 2부 10장: 믿음의 빛 아래서 Part 1 (21:9, Story Walkthrough)	Diene Ramiel	https://www.youtube.com/watch?v=cHXd9vL9mTU	10
1766	Honkai Impact - Part 2 Chapter X (Chapter 10) - Gift of Heart and Mind's Anticipation (Side Story)	Aira Delasse	https://www.youtube.com/watch?v=E3XOyWSiBgk	101
845	Sena Save Entropy | Honkai Impact 3rd 8.5	KNCPG	https://www.youtube.com/watch?v=mRTVS__dkfk	52
13520	Honkai Impact 3rd Part 2 – Chapter 10 Reunited Under the Light of Faith	Jirangu	https://www.youtube.com/watch?v=QaF_Er_1e-Q	196
6107	Honkai Impact 3rd - Part 2 : Chapter 10 Reunited under the Light of Faith (Playthrough Part 1)	Honkai Gamers	https://www.youtube.com/watch?v=ac1nMEv5hdA	245
6838	Reunited Under the Light of Faith || Honkai Impact 3rd Part 2 Chapter 10 Part 1	AaronDeadKey	https://www.youtube.com/watch?v=kEE_8WjlYmI	58
13756	Honkai Impact 3rd Part 2 Chapter 10 Reunited Under the Light of Faith Full CG JP Dub	itsOgiru	https://www.youtube.com/watch?v=NjVudWmqVx4	5208
16040	Honkai Impact 3rd: Part 2, Chapter 10: Reunited Under The Light Of Faith	S'astra Mahan (CS19)	https://www.youtube.com/watch?v=X7-ypYGFH1o	6
701	Honkai Impact 8.5 Story Summary, Reunited Under The Light of Faith	Matt Is Playing	https://www.youtube.com/watch?v=Evs5N_usMgg	525
4489	8.5 Story: Is it Really You Senadina?! | Honkai Impact 3rd - Light of Faith (Part 1)	Alpha-Blast	https://www.youtube.com/watch?v=XI4j1tUlo1Q	64
14979	Honkai Impact 3rd - Part 2 Chapter 10 Story - Reunited Under the Light of Faith	Kurib	https://www.youtube.com/watch?v=nokfglSof1M	6
17517	[Honkai3rdEP215] งอก งอก งอก | Reunited Under the Light of Faith	Ascending P	https://www.youtube.com/watch?v=Adh2dSrKVOo	39
26850	🔴 FINALLY REUNITED?!! SENA IS BACK?! | PART 2 (Chapter 10) | Reaction (Honkai Impact 3rd)	zKodla	https://www.youtube.com/watch?v=vNhPrez7yvk	6161
6678	Senadina | Chapter 10: Reunited Under the Light of Faith 1/2 - Honkai Impact 3rd Part 2 [CN Dub]	Honokazuuu	https://www.youtube.com/watch?v=tqMwtdyksho	122
1210	The Entire Story of Honkai impact 3rd in 20 Minutes	Homu Labs	https://www.youtube.com/watch?v=CgsGZCMNlDU	291340
427	Honkai Impact 3rd Animation - Final Lesson	Honkai Impact 3rd	https://www.youtube.com/watch?v=8dmvNGxYPCU	10446475
6067	Honkai Impact 3rd The Movie (Full Story Part 1 Cutscene)	Komiga	https://www.youtube.com/watch?v=TvtJrimch58	33272
6899	Honkai Impact 3rd Story Chapter 9 4K 60 FPS English Subtitles Gameplay Walkthrough	KING1993GAMING	https://www.youtube.com/watch?v=EgDw5dIMpik	41387
9051	Honkai Impact 3rd Story Chapter 20 4k 60 FPS English Subtitles Gameplay Walkthrough	KING1993GAMING	https://www.youtube.com/watch?v=tjtv5L70atY	20199
384	Introducing the Honkai-verse | Honkai Operation Center Chapter 1 | Honkai Impact 3rd	Honkai Impact 3rd	https://www.youtube.com/watch?v=68l3mp4s3us	458350
1605	Part 2 Chapter 10: Reunited Under the Light of Faith (final part)	Zahari Rahmat (ザハリ・ラフマット)	https://www.youtube.com/watch?v=n9KItYbfpGg	4
1663	Honkai Impact 3rd - Part 2 : Chapter 10 Reunited under the Light of Faith (Playthrough Part 3 Final)	Honkai Gamers	https://www.youtube.com/watch?v=_aObauymcnE	134
13746	Main Story Part 2 Chapter X: Reunited Under the Light of Faith! | Honkai Impact 3rd [v8.5]	Nanoha61	https://www.youtube.com/watch?v=738IgM0j02U	38
1871	[Honkai Impact 3rd] Story Part 2 Chapter X - Reunited Under the Light of Faith Part 1	Aldi Rief	https://www.youtube.com/watch?v=D02h3JaGKzM	29
12937	Honkai Impact 3rd - Part 2 Chapter X - Reunited Under the Light of Faith	DanGooSlime	https://www.youtube.com/watch?v=HQYKkQOS5E4	12
1801	[Honkai Impact 3rd] Story Part 2 Chapter X - Reunited Under the Light of Faith Part 6	Aldi Rief	https://www.youtube.com/watch?v=G51quM4qWcE	20
4466	Goddess | Chapter 10: Reunited Under the Light of Faith 2/2 - Honkai Impact 3rd Part 2 [CN Dub]	Honokazuuu	https://www.youtube.com/watch?v=KCMH5dFG4PY	75
25	Jacksepticeye Talks About Games He Didn’t Like	Spedicey	https://www.youtube.com/watch?v=CvOhK-Rq3B4	2214354
9598	붕괴 3rd ver. 8.4 메인스토리 2부 10장: 믿음의 빛 아래서 Part 2 (21:9, Story Walkthrough)	Diene Ramiel	https://www.youtube.com/watch?v=dlQywoysXHg	11
2596	Marvelous Adventure: All Toys | Story Pt. 2, Ch. 10: Reunited Under the Light of Faith | Honkai	KEEA ‧₊˚	https://www.youtube.com/watch?v=jNfC4FdOR08	17
2051	Part 3: Castle Adventure | Story Pt. 2, Ch. 10: Reunited Under the Light of Faith | Honkai Impact 3	KEEA ‧₊˚	https://www.youtube.com/watch?v=V_H-7EuK9XQ	1
1126	Part 1: Reunion - Travelers from the Future | Story Pt. 2, Ch. 10: Reunited Under the Light of Faith	KEEA ‧₊˚	https://www.youtube.com/watch?v=rzYBKOeGTK8	11
2142	Part 2: Happy Encounter | Story Pt. 2, Ch. 10: Reunited Under the Light of Faith | Honkai Impact 3rd	KEEA ‧₊˚	https://www.youtube.com/watch?v=7014XQHgLQk	5
6429	Starting at the Beginning: Honkai Impact Chapter 10 Part 1	Frozen Inferno	https://www.youtube.com/watch?v=AxDTv-8I0Rk	3
6768	A Cozy Sleepover: Honkai Impact Chapter 10 Part 2	Frozen Inferno	https://www.youtube.com/watch?v=WHyDyL2X3RI	3
920	Himeko's Farewell, all dialogue, and secret Another Story (in case you missed it)	Andrian R, Kevin	https://www.youtube.com/watch?v=AhSeOK-zhgk	2670
13877	Honkai Impact 3rd Part 2 Chapter 10 - Reunited Under the Light of Faith	Vergen	https://www.youtube.com/watch?v=s1wQqZa4xQM	52
