11730	Honkai Impact 3rd Part 2 Chapter 5 The First and Last War Full CG JP Dub	itsOgiru	https://www.youtube.com/watch?v=4DJpenh3Xlo	8095
11512	The First and Last War || Honkai Impact 3rd Part 2 Chapter 5	AaronDeadKey	https://www.youtube.com/watch?v=83SBF7RdAvM	116
12106	Honkai Impact 3rd Part 2 - Chapter 5 The First and Last War Full	Kazuma Akimoto (Master Aki)	https://www.youtube.com/watch?v=Ou9gmQ86ziA	31
11837	Honkai Impact Part 2 - Chapter 5: The First and Last War | Full Story JP Dub EN Sub 4K 60FPS	Gudaoko	https://www.youtube.com/watch?v=ca8tyFyqd5c	1909
5647	HI3 Part 2 Chapter V: The First and Last War [Part 1]	Honkai&RelatedThings	https://www.youtube.com/watch?v=zo0gMkmXhmY	86
14849	Honkai Impact 3rd Part 2 Chapter 5 - The First and Last War	Kurib	https://www.youtube.com/watch?v=226jGLBpyL8	97
56	The First and The Last War - Honkai Impact 3rd Event Story	Polos Hermanoz	https://www.youtube.com/watch?v=cNQUsc4-OQ4	7
6407	starting honkai story the first and last war	Alejandro Sciarretta	https://www.youtube.com/watch?v=jLJSwdXmzuI	1
9978	Honkai Impact 3rd 7.8 Story The First and Last War	千羽鳥居 Senbatorii	https://www.youtube.com/watch?v=KwxgCukxXyI	106
1061	HI3 P2 Ch5 Side Story 1 The First and Last War	Reminiscence RMS	https://www.youtube.com/watch?v=lCN7D7ykP5Q	21
15132	the entire history of honkai star rail, i guess	Slime | HSR	https://www.youtube.com/watch?v=RM3fnrDTHnY	184396
7187	Honkai Impact 3rd Chapter 5 The First and Last War | Sparkle and Vita	Dante Hades 闇	https://www.youtube.com/watch?v=n_qK9P4wTPY	237
12580	Honkai Impact 3rd - Part 2 Chapter 5: The First and Last War	The Honkaipedia	https://www.youtube.com/watch?v=yBgFApruU-g	123
11955	Honkai Impact 3rd Part 2 - Chapter 5 The First and Last War	Jirangu	https://www.youtube.com/watch?v=NO3SIcZYFww	298
86	Ultimate order on how to play Honkai Impact 3rd Part 2 story! (7.8) (2024)	Ale CH	https://www.youtube.com/watch?v=DIBsXvA8wJA	4408
16065	붕괴 3rd ver. 7.8 메인 스토리 2부 5장: 최초와 최후의 전쟁 (21:9, Story Walkthrough)	Diene Ramiel	https://www.youtube.com/watch?v=b4HRmzDUX3A	73
1314	Everything You Need to Know About the Honkai x Honkai Collab	Homu Labs	https://www.youtube.com/watch?v=Zda_c5ascRk	38110
9718	(CN Dub - EN Sub) The First and Last War | Honkai Impact 3rd	AndhraZX	https://www.youtube.com/watch?v=MjXH3S5ZAtA	231
8065	【崩壊3rd/live】chapter5 雪原での再会後編【Honkai impact 3rd】	兎桃みみこ /Mimiko Tomomo	https://www.youtube.com/watch?v=QaoV4BqMUoA	3503
15989	Honkai Impact 3rd | Part 2 | Main Story - Chapter 5 - The First and Last War	DodocoNotes	https://www.youtube.com/watch?v=pm7ws-RPSU0	104
7231	Four Seasons | Episode 3; Chapter 5: The First and Last War	LvL0Crook	https://www.youtube.com/watch?v=z29RD-9wCA8	7
13301	Honkai Impact 3rd [Main Story part 2] Chapter 5 (39) The first and the Last War	Omega197	https://www.youtube.com/watch?v=PBzyc6ilpaM	71
262	Honkai Impact 3rd - Chapter 13 (Mission 5 - Nocturnal Hunt, Confrontation)	Jirangu	https://www.youtube.com/watch?v=k8eWoNm-XtE	2057
427	Honkai Impact 3rd Animation - Final Lesson	Honkai Impact 3rd	https://www.youtube.com/watch?v=8dmvNGxYPCU	10446475
1210	The Entire Story of Honkai impact 3rd in 20 Minutes	Homu Labs	https://www.youtube.com/watch?v=CgsGZCMNlDU	291339
216	Honkai v 7. 8 Main Story Part 2 Chapter 5 The First and Last War [ Part 16] #honkaiimpact3rdpart2	Carxz Honkai	https://www.youtube.com/watch?v=713LjsapqdM	176
5111	[CN] Honkai Impact 3rd Part 2 Chapter 5 - The First And Last War (2nd Half)	LoreBugCarv	https://www.youtube.com/watch?v=RwNI6boFhQs	247
7845	[Honkai Impact 3rd] Flashback time + maybe some gacha pulls [Story chapter 5-6]	Kurō The Slime Ch. | EN Vtuber |	https://www.youtube.com/watch?v=QO_3kkqyhEo	38
6697	[CN Dub] Chapter 33: In the Name of the Truth | Phase 1 - Honkai Impact 3 SEA	Hide's Honkai Archive	https://www.youtube.com/watch?v=1rWMZDRqh_M	344
406	The Dark Beginning of Kiana’s Tragedy | Honkai Impact 3rd Recap - Chapter 5 & 6	IslandXD	https://www.youtube.com/watch?v=CYGdBXKmWUA	5155
5187	[CN Dub] Chapter 33: In the Name of the Truth | Phase 2 - Honkai Impact 3 SEA	Hide's Honkai Archive	https://www.youtube.com/watch?v=iDFG-ULiNaQ	326
339	Honkai Impact beta 5.0 V2 CN (chinese) - General overview Redux	VZ Studio	https://www.youtube.com/watch?v=WKLxbdam9sk	222
411	Chapter 28 Final Battle!! [Near Ending] (Full Gameplay + CG Animation)	Nocte Vertunum	https://www.youtube.com/watch?v=Eh76cGrfXuM	31345
12728	Honkai impact 3 #605 | beta [CN] 5.6	Mashiron Play	https://www.youtube.com/watch?v=kM4bnsy_6R8	3175
511	Honkai Impact 3rd Animated Short: Because of You (Japanese-Dubbed)	Honkai Impact 3rd	https://www.youtube.com/watch?v=_BUh64YHE30	7284353
20103	START of the End of the World + REUNION | Chapter 32 | FIRST TIME Playthrough Honkai Impact 3rd	Records of Rei	https://www.youtube.com/watch?v=EGMnSVfhvDw	1395
241	Trolling Cn Captain but I didn't expect what he reply to me!! (Unexpected Moment) [Honkai v5.5]	Nocte Vertunum	https://www.youtube.com/watch?v=zAbW48TKQUs	4160
3037	Tundra Reunion - Chapter 5. Honkai Impact 3rd Main Story	Captain Ainsophia	https://www.youtube.com/watch?v=XqCfwo8MgC4	66
10020	Punishing Gray Raven Extra Story Chapter 5 Normal 60 FPS Gameplay Walkthrough English Subbed	KING1993GAMING	https://www.youtube.com/watch?v=UIcATlEF-WA	918
1049	Honkai Impact chapters 1-3, 1-4, 1-5, 1-6	Misty-Shy	https://www.youtube.com/watch?v=hjJMb5NJ8eg	367
2574	Nothing is real?! | Chapter 6 (2/2) | Honkai Impact 3rd -  Gameplay Walkthrough	Records of Rei	https://www.youtube.com/watch?v=zGZIrxLx2Ps	1232
13791	Honkai Manga: Divine Key, AE Invasion and Moon Shadow | Honkai Impact 3rd	NymNym	https://www.youtube.com/watch?v=UQbclyEu-XY	566
2458	Honkai Impact 3 Story Chapter 3 "Poem Of The Wind" Full Gameplay	VirtualP:G:E	https://www.youtube.com/watch?v=v-LZNBbT5Yg	6257
566	[Honkai Impact 3rd] Stan Wars Overtime 2021	Cvl Ranger	https://www.youtube.com/watch?v=Fb6inW0Dl8g	48
481	Beginning of Depression | Honkai Impact - Chapter 5	IslandXD	https://www.youtube.com/watch?v=GJm77m2ZLr0	25890
1848	[MY] Chapter 14 Dispel The Darkness + Starfall CG | Honkai Impact 3rd Story Mode Gameplay	HowJuDuDat Gaming	https://www.youtube.com/watch?v=kA-aNKtqIWQ	534
11794	Honkai Impact 3rd - The First and Last War (HSR crossover!)	myskaros	https://www.youtube.com/watch?v=Z2uGLKNnfqU	200
1390	Honkai Impact 3 Story Chapter 1 "Dusk, Girls, Battleship" Full Gameplay	VirtualP:G:E	https://www.youtube.com/watch?v=KyuBrIihDXo	2455
6067	Honkai Impact 3rd The Movie (Full Story Part 1 Cutscene)	Komiga	https://www.youtube.com/watch?v=TvtJrimch58	33272
5827	Chapter 35 Finale Full Playthrough	Venessense Gaming	https://www.youtube.com/watch?v=pouiT8xf3F8	257
740	Honkai Impact 3rd Chapter 25-16 Finale Curtain Fall (Full Playthrough + CG)	Dante Hades 闇	https://www.youtube.com/watch?v=9clKwrshuNY	193
23329	STARTING CHAPTER 15, 16 AND 17! FIRST TIME Playing Honkai Impact 3rd! PART 9!	Beefy	https://www.youtube.com/watch?v=p8BJF-X5tRE	154
