6607	Honkai Impact 3 (SEA) - Chapter XVI : Imminent Storm Story Mode Full Clear Gameplay	Ryanto F2P	https://www.youtube.com/watch?v=KspPSUTk7Ag	56
7768	Honkai Impact 3rd - Part 1 Chapter 16: Imminent Storm	The Honkaipedia	https://www.youtube.com/watch?v=Ug794QIm5YQ	88
1933	Part 1 New Story Honkai Impact 3 Full Gameplay Chapter XVI IMMINENT STORM Act 16-1/16-8	erik pratama	https://www.youtube.com/watch?v=ctduCieEbJg	38
675	Honkai Impact 3rd Chapter XVI Stage 16-19 [Imminent Storm]	E S T 3 T I G A	https://www.youtube.com/watch?v=Hr7Yq5IHDbY	304
1621	Honkai Impact (崩坏3rd) - Story Chapter XVI #(Part1)	Arata Aditya	https://www.youtube.com/watch?v=7i7IFd52zgU	106
2678	Honkai Impact 3rd - Chapter 16 Imminent Storm - Part 1 (ANDROID/IOS/PC)	Anime Xpress	https://www.youtube.com/watch?v=Dk520h1Okv8	206
466	Honkai Impact 3 SEA Imminent Storm Chapter XVI  Dispersed Mist	AkiraYuri	https://www.youtube.com/watch?v=6MJ6eBex2VY	42
412	Honkai Impact 3 SEA Imminent Storm Chapter XVI Empty City I-II	AkiraYuri	https://www.youtube.com/watch?v=9dyKdSKeGew	31
305	Honkai Impact 3 SEA Imminent Storm Chapter XVI Saving the Roost I-II	AkiraYuri	https://www.youtube.com/watch?v=1TKSpQczGG0	22
801	Honkai Impact 3 SEA Imminent Storm Chapter XVI Passerine's Retreat	AkiraYuri	https://www.youtube.com/watch?v=xJf5KOQkHpQ	245
2229	Honkai Impact 3 Story Chapter 16 IMMINENT STORM Act 1 Desolate Clouds, Back To Nazagora	VirtualP:G:E	https://www.youtube.com/watch?v=GcC-_dDrrIU	820
1549	Honkai Impact 3rd | Imminent Storm Chapters 1-3	Ryuzaki Ezkiel	https://www.youtube.com/watch?v=8xZ-hgCL4kc	4
4970	Honkai Impact 3rd  - Chapter 16: Imminent Storm Part 1	Detarame Gaming	https://www.youtube.com/watch?v=_6lxMfarKVA	6
9046	Imminent Storm - Chapter 16. Honkai Impact 3rd Main Story	Captain Ainsophia	https://www.youtube.com/watch?v=l-34ikVxYck	121
1148	Chapter 16 Imminent Storm | Honkai Impact 3rd Story Mode Gameplay	HowJuDuDat Gaming	https://www.youtube.com/watch?v=An3LagF01hU	615
1969	[Honkai Impact 3rd] Story Chapter 16 "Imminent Storm" (with gameplay) part 1	Shinrin Games	https://www.youtube.com/watch?v=98ZvmEr-0NQ	2677
1870	Full Gameplay Story Chapter 16 ACT 1 | Honkai Impact CN  (崩坏3)	Whize Ngopskuy	https://www.youtube.com/watch?v=JPH0U6UmHS4	1717
685	Honkai Impact 3rd - Chapter 16 Imminent Storm - Part 3 Final (ANDROID/IOS/PC)	Anime Xpress	https://www.youtube.com/watch?v=JEKOfZMyUDY	167
670	HI3 3.9 Chapter 16 P3	Moeka Chan	https://www.youtube.com/watch?v=nZQiVib4X60	51
1267	Honkai Impact 3 - Story Chapter 16 Act.4 [Normal]	Kelvinx5	https://www.youtube.com/watch?v=_Lqdb19qeMU	50
820	Honkai Impact 3 | Imminent Storm Story Chapter XVI | New Update Ver 3.9	Icey Trashy	https://www.youtube.com/watch?v=eSHw53IS1Oo	58
470	Honkai Impact 3rd - Chapter XVI (Mission 19 - Imminent Storm)	Jirangu	https://www.youtube.com/watch?v=C6cwiz28tZk	1457
3388	HI3 Chapter XVI: Imminent Storm (Act 1 & 2)	愛野雪（Aino Yuki）	https://www.youtube.com/watch?v=VHdqOECObp4	486
303	Chapter XVI : IMMINENT STORM || HONKAI IMPACT3	Jaysan009	https://www.youtube.com/watch?v=JqQmnEVFsMk	16
3876	Honkai Impact 3rd STORY PLAYTHOUGH NO COMMENTARY CH 16 1/2 - Imminent Storm	Zeirt Plays Games	https://www.youtube.com/watch?v=Tnj6Cpdz1Po	35
6857	Honkai Impact 3rd Chapter 16 Imminent Storm, Full CG JP dub	Maddoctor	https://www.youtube.com/watch?v=NbzMAZPh5Ak	2479
3512	Honkai Impact 3rd STORY PLAYTHOUGH NO COMMENTARY CH 16 2/2 - Imminent Storm	Zeirt Plays Games	https://www.youtube.com/watch?v=_ALLneH1k6U	39
8001	Honkai Impact 3 | Chapter XVI: Imminent Storm (Japanese Dub)	Aiyoshizawa Aisuke	https://www.youtube.com/watch?v=ZdQy8xd8zZ0	227
6757	[CN Dub] Chapter 16: Imminent Storm - Honkai Impact 3 SEA	Hide's Honkai Archive	https://www.youtube.com/watch?v=TJb8dOQwS_s	423
1576	Honkai Impact 3rd - Story Chapter: Imminent Storm 16-17 to 16-19 | CrimsonFox45	CrimsonFox45	https://www.youtube.com/watch?v=xwrXNVK5qQI	14
2143	Honkai Impact 3rd - Story Chapter: Imminent Storm 16-15 to 16-16	CrimsonFox45	https://www.youtube.com/watch?v=D1v43BUIrpU	9
9283	Honkai Impact 3rd - Chapter 16 (Imminent Storm)	Yoshizu	https://www.youtube.com/watch?v=pFUERwGSmXQ	2
2416	Honkai Impact 3rd - Story Chapter: Imminent Storm 16-6 to 16-8 | CrimsonFox45	CrimsonFox45	https://www.youtube.com/watch?v=OafJGXMuO2Y	13
3187	Honkai Impact 3rd - Story Chapter; Imminent Storm 16-1 to 16-5	CrimsonFox45	https://www.youtube.com/watch?v=MiFCiPUOX3Y	19
877	HI3 Chapter XVI: Imminent Storm (Act 5)	愛野雪（Aino Yuki）	https://www.youtube.com/watch?v=bzBwKzt8Kmk	229
2826	Honkai Impact 崩坏 — Chapter 16 (End)	Alfé [알렉스]	https://www.youtube.com/watch?v=xATRkqr6RsQ	104
3031	Honkai impact 3rd [sea] story | chapter 16 act 1-2 | playthrough	Rezkex	https://www.youtube.com/watch?v=DUf0oZqszNg	28
85	Honkai Impact 3 v3.9 : Chapter 16 Act 5 ( Only CG )	SkyDrive	https://www.youtube.com/watch?v=2fJS185aFac	157
927	[Honkai Impact 3rd] Story Chapter 16 "Imminent Storm" (with gameplay) part 5	Shinrin Games	https://www.youtube.com/watch?v=uKTGklk-EqU	2321
2157	Dropping In! | Honkai Impact 3rd | Let's Play Part 1	TheTwitGamer	https://www.youtube.com/watch?v=nia-bYElwUE	113588
1109	Full Gameplay Story Chapter 16 ACT 4 | Honkai Impact CN  (崩坏3)	Whize Ngopskuy	https://www.youtube.com/watch?v=5fxipuiLe9o	1409
4578	Honkai Impact 3rd Chapter 1:Dush, Girls, Battleship Complete Windows /Android /IOS  HD	Techno Android and PC Gamer	https://www.youtube.com/watch?v=bk1NlJuCUW4	9
8656	Kiana We are Here for You | Chapter XVI: Imminent Storm【Honkai Impact 3rd】	XRicWarX	https://www.youtube.com/watch?v=zJXdoGuARzw	9
6724	Honkai Impact 3rd Story Chapter 16 4k 60 FPS English Subtitles Gameplay Walkthrough	KING1993GAMING	https://www.youtube.com/watch?v=fMCfhRTrz9I	15520
57	Chapter 16: Imminent Storm | Backgrounds	Hide's Honkai Archive	https://www.youtube.com/watch?v=zD6r-oXeARM	129
