7217	Honkai Impact 3rd Part 2: Chapter III: A Crime Foretold Part I: Prelude to corruption...	Satus Oblitan	https://www.youtube.com/watch?v=CiZ4zGDkkJo	0
6059	【Houkai3rd Part 2】Chapter III: A Crime Foretold - Act 3	rePATCH	https://www.youtube.com/watch?v=nOHQMEEfrrM	4
9792	Honkai Impact 3rd Part 2 - Story Chapter 3 [A Crime Foretold] Act 1	More Anosn	https://www.youtube.com/watch?v=M5LcNN3qE48	9
5628	Honkai Impact 3rd Part 2 Chapter 3, A Crime Foretold, Phase 3, Full CG, JP dub	Maddoctor	https://www.youtube.com/watch?v=6aTwYxWt66A	141
9691	【Houkai3rd Part 2】Chapter III: A Crime Foretold - Act 1	rePATCH	https://www.youtube.com/watch?v=ExwwCewb6Wg	9
9999	【Houkai3rd Part 2】Chapter III: A Crime Foretold - Act 2	rePATCH	https://www.youtube.com/watch?v=bViZeevqPl8	9
346	Honkai impact 3 7.5 Story(Shot) A Crime Foretold (Phase 3) 2/3	WanLaBear	https://www.youtube.com/watch?v=NB2pWYxC2r0	64
286	Songque Literally Broke Her Limits (Best Cutscene of "A Crime Foretold" Story) - Honkai Impact 3rd	DareDark by Sami	https://www.youtube.com/watch?v=Wc0zm9mODaI	563
2331	Honkai impact 3 7.5 Story(Shot) A Crime Foretold (Phase 1)	WanLaBear	https://www.youtube.com/watch?v=uhMThATCEOU	138
3462	[Honkai Impact 3rd] Story Part 2 Chapter III - A Crime Foretold Part 1	Aldi Rief	https://www.youtube.com/watch?v=gatM5vQx9NI	11
9916	Honkai Impact Part 2 - Chapter 3 Act 1: A Crime Foretold | Full Story JP Dub EN Sub 4K	Gudaoko	https://www.youtube.com/watch?v=JDcV54dNHFY	919
1151	Honkai impact 3 7.5 Story(Shot) A Crime Foretold (Phase 3) 1/3	WanLaBear	https://www.youtube.com/watch?v=M3ZLqFmLKEw	106
29657	Honkai Impact 3rd - Part 2 Chapter 3: A Crime Foretold	The Honkaipedia	https://www.youtube.com/watch?v=-1_m6sS_oqU	38
27622	Honkai Impact 3rd | Part 2 | Main Story - Chapter 3 - A Crime Foretold	DodocoNotes	https://www.youtube.com/watch?v=LqjDaKwKm6M	10
13086	Honkai Impact 3rd Part 2 Chapter 3: A Crime Foretold	Kurib	https://www.youtube.com/watch?v=th3sq1wiYS8	7
7012	A Day of an Ordinary Girl | Episode 2; Chapter 3: A Crime Foretold	LvL0Crook	https://www.youtube.com/watch?v=cojCcfuj3_M	15
9842	Honkai Impact 3rd Part 2 - Story Chapter 3 [A Crime Foretold] Act 2	More Anosn	https://www.youtube.com/watch?v=VK4kAkHTH8A	12
10086	Honkai Impact 3rd Part 2 - Chapter 3 A Crime Foretold (Phase 1)	Jirangu	https://www.youtube.com/watch?v=-w9CWRpL1mI	275
6123	Honkai Impact 3rd Part 2 - Story Chapter 3 [A Crime Foretold] Act 3	More Anosn	https://www.youtube.com/watch?v=hgUTN1wXJB4	18
6426	Honkai Impact 3rd Part 2 - Chapter 3 A Crime Foretold (Phase 3)	Jirangu	https://www.youtube.com/watch?v=0oAEK16RokA	227
2314	Thelema Battles Mad Pleasure Shadowbringer! Honkai Impact 3rd: Shadow Avatar (C3 EX SQ)	Alpha-Blast	https://www.youtube.com/watch?v=SsYcnXC57zk	135
1259	Lantern's Story to Take Back Her Lollipop! Honkai Impact 3rd: Non-Stop Clears Carnival	Alpha-Blast	https://www.youtube.com/watch?v=fANTj5JtZw4	32
6224	Honkai Impact Part 2 - Chapter 3 Act 3: A Crime Foretold | Full Story JP Dub EN Sub 4K	Gudaoko	https://www.youtube.com/watch?v=AN1qyiBO-L8	807
277	Placing Top 21 in ALL Three Sea Mirage 3 Challenges! Honkai Impact 3rd: Sea Mirage III	Alpha-Blast	https://www.youtube.com/watch?v=VDlcv_wPhus	237
72	Let This Celebration be Your Final Act! Honkai Impact 3rd: 7.5 Cutscene	Alpha-Blast	https://www.youtube.com/watch?v=6NBKcR3Yp1I	933
290	Reviving Songque in 69 Pulls! Lantern Drained My Funds! Honkai Impact 3rd Summons	Alpha-Blast	https://www.youtube.com/watch?v=aH9i01nkeAM	31
9444	Honkai Impact 3rd Part 2 Chapter 3, A Crime Foretold, Phase 1, Full CG, JP dub	Maddoctor	https://www.youtube.com/watch?v=v5SctrC-LF4	125
9945	Honkai Impact 3rd Part 2 Chapter 3 A Crime Foretold Act 1 Full CG JP Dub	itsOgiru	https://www.youtube.com/watch?v=okn6JQw_VJw	2682
3371	[Honkai Impact 3rd] Story Part 2 Chapter III - A Crime Foretold Part 3	Aldi Rief	https://www.youtube.com/watch?v=awpX-jeDDos	32
13849	Honkai Impact 3rd - Part 2 Chapter III - A Crime Foretold (1/3)	DanGooSlime	https://www.youtube.com/watch?v=iYZkGiF1xLM	2
9906	Honkai Impact 3rd Part 2 Chapter 3, A Crime Foretold, Phase 2, Full CG, JP dub	Maddoctor	https://www.youtube.com/watch?v=tD9yGrB0zSg	127
6039	Honkai Impact 3rd - Part 2 Chapter III - A Crime Foretold (2/3)	DanGooSlime	https://www.youtube.com/watch?v=A6BbaThxNxE	0
5982	Honkai Impact 3rd - Part 2 Chapter III - A Crime Foretold (3/3)	DanGooSlime	https://www.youtube.com/watch?v=UTs5zsAnXdk	4
5670	Seven Shus Reunion | Episode 1; Chapter 3: A Crime Foretold	LvL0Crook	https://www.youtube.com/watch?v=LXbxoyCjyGI	11
14293	Honkai Impact - Part 2 Chapter 3: A Crime Foretold - Story Only (Part 3)	Aira Delasse	https://www.youtube.com/watch?v=DCvUbeddy44	1631
7631	Honkai Impact - Part 2 Chapter 3: A Crime Foretold - Story Only (Part 1)	Aira Delasse	https://www.youtube.com/watch?v=pLklJlUAvUg	1349
1872	Honkai Impact - Part 2 Chapter 3: A Crime Foretold - Story Only (Part 4)	Aira Delasse	https://www.youtube.com/watch?v=3aM6OcI2NDg	1182
8183	The Rite of Tears | Episode 3; Chapter 3: A Crime Foretold	LvL0Crook	https://www.youtube.com/watch?v=AkJ1nKLLoQ0	18
6266	Honkai Impact 3rd Part 2 Chapter 3 A Crime Foretold Act 3 Full CG JP Dub	itsOgiru	https://www.youtube.com/watch?v=1nrc2oSX6t4	2989
7793	Maria | Episode 5; Chapter 3: A Crime Foretold	LvL0Crook	https://www.youtube.com/watch?v=Xm2j0gEPrqg	19
8861	(CN Dub - EN Sub) A Crime Foretold (Part 1) | Honkai Impact 3rd	AndhraZX	https://www.youtube.com/watch?v=jBvq62huG5g	189
10214	Honkai Impact Part 2 - Chapter 3 Act 2: A Crime Foretold | Full Story JP Dub EN Sub 4K	Gudaoko	https://www.youtube.com/watch?v=3DPcM8_a1x0	863
11547	H.I. 3rd Part 2 - A Crime Foretold Chapter 2 Part 1	Vergen	https://www.youtube.com/watch?v=L0iP058V_S4	9
9012	(CN Dub - EN Sub) A Crime Foretold (Part 2) | Honkai Impact 3rd	AndhraZX	https://www.youtube.com/watch?v=6EiunOE5pDk	193
11494	H.I. 3rd Part 2 - A Crime Foretold Chapter 2 Part 2	Vergen	https://www.youtube.com/watch?v=9KROK0MRHC4	8
7345	H.I. 3rd Part 2 - A Crime Foretold Chapter 2 Part 3	Vergen	https://www.youtube.com/watch?v=JXaens8RFac	14
5346	(CN Dub - EN Sub) A Crime Foretold (Part 3) | Honkai Impact 3rd	AndhraZX	https://www.youtube.com/watch?v=0E6ggN_8bL8	179
5670	The Last visit: Honkai Impact Chapter 3 Part 1	Frozen Inferno	https://www.youtube.com/watch?v=er9FYdKo98E	1
