4907	Honkai Impact 3rd Chapter XX Act.1 [T]	E S T 3 T I G A	https://www.youtube.com/watch?v=XehLUdiX9ck	87
6068	Honkai Impact 3rd  - Chapter 20: Immortal Phoenix Part 1	Detarame Gaming	https://www.youtube.com/watch?v=2evjgf4Kgmk	7
2383	Chapter XX | IMMORTAL PHOENIX | Part #1 | Honkai Impact 3rd	Cordis Die 98	https://www.youtube.com/watch?v=sasJniJyp8E	239
8477	Honkai Impact 3 (SEA) - Chapter XX : Immortal Phoenix Story Mode + EX Gameplay	Ryanto F2P	https://www.youtube.com/watch?v=LZh0VLdWDDg	42
3520	Honkai Impact 3 - Chapter 20 [Immortal Phoenix Act 1] Gameplay #62	Kenjz15 2.0	https://www.youtube.com/watch?v=Mzv-EyYi8NA	357
2573	Chapter 20 Immortal Phoenix | Honkai Impact 3rd Story Mode Gameplay	HowJuDuDat Gaming	https://www.youtube.com/watch?v=kTxgK0Lz4vM	1195
9785	[CN Dub] Chapter 20: Immortal Phoenix - Honkai Impact 3 SEA	Hide's Honkai Archive	https://www.youtube.com/watch?v=8vqKK3fxpeg	653
7446	Honkai Impact 3 - Chapter 20: Immortal Phoenix [Story]	Night.K	https://www.youtube.com/watch?v=yy3mL8zBUBs	13533
442	Immortal Phoenix Chapter XX Origins II	AkiraYuri	https://www.youtube.com/watch?v=rPomH7vGgb8	19
11115	Learning About Fu Hua | Chapter XX: Immortal Phoenix【Honkai Impact 3rd】	XRicWarX	https://www.youtube.com/watch?v=PBLIme2Y9jE	46
11079	Honkai Impact 3rd - Part 1 Chapter 20: Immortal Phoenix	The Honkaipedia	https://www.youtube.com/watch?v=ZhyCDaOo-kE	159
12637	Immortal Phoenix - Chapter 20. Honkai Impact 3rd Main Story	Captain Ainsophia	https://www.youtube.com/watch?v=Ga5JPf7tM3Y	88
2290	Honkai Impact 3rd Chapter XX Act.3 [B]	E S T 3 T I G A	https://www.youtube.com/watch?v=bJyKd1ttusw	35
9051	Honkai Impact 3rd Story Chapter 20 4k 60 FPS English Subtitles Gameplay Walkthrough	KING1993GAMING	https://www.youtube.com/watch?v=tjtv5L70atY	20199
2106	Honkai Impact 3rd gameplay: Chapter 20: Immortal Phoenix	Lonewolfjedi	https://www.youtube.com/watch?v=bXGe7QNi0SY	5
116	Honkai Impact 3 CN v4.3 : Chapter 20 Act 1 (CG)	SkyDrive	https://www.youtube.com/watch?v=ThZQ7TM7fVM	736
1042	Honkai Impact 3 Gameplay - STORY CHAPTER 20-11 - PC Version	Crozz Jockey	https://www.youtube.com/watch?v=61-S9iJTxkI	26
2768	Honkai Impact 3 CN v4.3 : Chapter 20 Act 1 (FULL)	SkyDrive	https://www.youtube.com/watch?v=Sbx6jNA-4jc	1756
1210	The Entire Story of Honkai impact 3rd in 20 Minutes	Homu Labs	https://www.youtube.com/watch?v=CgsGZCMNlDU	291339
792	[Honkai Impact 3] Story Chapter XX: Immortal Phoenix | Taixuan Training | 20-12 Disciples	Romero Ranulfo	https://www.youtube.com/watch?v=0lsJgEfpw2M	30
380	Chapter 20 Immortal Phoenix Act 1 T 20-1 Aspirant #HonkaiImpact3rd	Honkai Valkyrie Alexi Archives (EARLY  ACCESS)	https://www.youtube.com/watch?v=wpWVOVWkFNk	12
450	Honkai Impact 3rd - Chapter XX (Mission 4 - Finar War I)	Jirangu	https://www.youtube.com/watch?v=wMf4Kz4QV60	258
1433	Honkai Impact 3 Story Chapter XX: Immortal Phoenix Act III	Ericc Impact	https://www.youtube.com/watch?v=ufCSxeeESz8	11
9621	【Honkai Impact 3rd】Immortal Phoenix | Chapter 20 Main Story Quest, Cutscenes and Dialogue	Kumi X	https://www.youtube.com/watch?v=sFxtco9aLkc	4
1130	Chapter XX | IMMORTAL PHOENIX | Part #3 | Honkai Impact 3rd	Cordis Die 98	https://www.youtube.com/watch?v=wccNehNbIPc	111
137	Chapter 20: Immortal Phoenix | Backgrounds	Hide's Honkai Archive	https://www.youtube.com/watch?v=cspinmn7CSU	97
3362	Honkai Impact 3rd STORY PLAYTHOUGH NO COMMENTARY CH 20 1/3 - Immortal Phoenix	Zeirt Plays Games	https://www.youtube.com/watch?v=BvFU3V5idoA	27
3786	Honkai Impact 3rd STORY PLAYTHOUGH NO COMMENTARY CH 20 2/3 - Immortal Phoenix	Zeirt Plays Games	https://www.youtube.com/watch?v=VdAkPjofPnk	26
3200	Honkai Impact 3rd STORY PLAYTHOUGH NO COMMENTARY CH 20 3/3 - Immortal Phoenix	Zeirt Plays Games	https://www.youtube.com/watch?v=snozctuOwno	25
1235	Honkai Impact 3 SEA - Playing Main Story Immortal Phoenix Chapter 20 Act 3 | Raizei (Gameplay)	Raizei	https://www.youtube.com/watch?v=TpZEr9SSvmE	460
1864	Honkai Impact 3 SEA - Main Story Immortal Phoenix Chapter 20 Act 2 | Raizei (Gameplay)	Raizei	https://www.youtube.com/watch?v=CxW_qSxcSkM	982
587	Immortal Phoenix Chapter XX Interlude	AkiraYuri	https://www.youtube.com/watch?v=3VB2J-k9J7E	17
150	Honkai Impact 3 - Chapter 20 [Immortal Phoenix] All CG's	Shokomya Playz	https://www.youtube.com/watch?v=9n_AfMkk5WQ	1316
3449	Honkai Impact 3 Chapter 20:Immortal Phoenix Act 2	Vergen	https://www.youtube.com/watch?v=aKzZKX44Les	45
316	[Honkai Impact 3] Story Chapter XX: Immortal Phoenix | Taixuan Training | 20-1 Aspirant	Romero Ranulfo	https://www.youtube.com/watch?v=U5AVrltuxK8	56
3103	Honkai Impact 3 SEA Main Story Immortal Phoenix Chapter 20 Act 1 - Raizei (Gameplay)	Raizei	https://www.youtube.com/watch?v=WcmHFI_YYcU	666
316	Honkai impact 3 SEA Story Chapter XVIII Dance of the Snow	AkiraYuri	https://www.youtube.com/watch?v=CI5KACPErS8	55
1629	Honkai Impact 3 CN v4.3 : Chapter 20 Act 2 (FULL)	SkyDrive	https://www.youtube.com/watch?v=42UFzWBmphY	957
638	[Honkai Impact 3] Story Chapter XX: Immortal Phoenix | Taixuan Training | 20-2 Origins I	Romero Ranulfo	https://www.youtube.com/watch?v=7Npi3-UzocE	61
3975	Immortal Phoenix Playthrough [Part 1] - Honkai Impact 3rd | CrimsonFox45	CrimsonFox45	https://www.youtube.com/watch?v=V5EGuRhRAdA	28
779	Immortal Phoenix Chapter XX Final War II	AkiraYuri	https://www.youtube.com/watch?v=F12L98Bavd8	39
3843	Chap XX: Immortal Phoenix part 1(1/2) | Honkai Impact 3	Tsukiko Amamiya	https://www.youtube.com/watch?v=yhwbuRziD3Y	366
3481	Immortal Phoenix Playthrough [Part 1.2] - Honkai Impact 3rd | CrimsonFox45	CrimsonFox45	https://www.youtube.com/watch?v=eh5kLhdAPXc	4
4825	Honkai Impact 3 Chapter 20:Immortal Phoenix Act 1	Vergen	https://www.youtube.com/watch?v=vyxNUmmfzeA	33
2095	Honkai Impact 3 Chapter 20:Immortal Phoenix Act 3	Vergen	https://www.youtube.com/watch?v=2XG_S_vH498	21
1489	[STORY CHAPTER 20] 20-1 and 20-2 Honkai Impact 3rd Story Gameplay	XoXo PD	https://www.youtube.com/watch?v=BiBmVMMfqyY	94
10540	LET THE BIRB ARC COMMENCE!!!!! 🐥🔥 | Chapter 20 - PART 1【Honkai Impact 3rd Playthrough】	nekouji	https://www.youtube.com/watch?v=vJt0i2tQfpA	124
10336	Honkai Impact 3rd Chapter XX Walkthrough	ZeroWingX	https://www.youtube.com/watch?v=-vzMOpZVNnQ	511
875	[STORY CHAPTER 20] 20-13, EX1, EX2, EX3 and EX4 Honkai Impact 3rd Story Gameplay	XoXo PD	https://www.youtube.com/watch?v=yKBe22dMcZI	62
