8645	Punishing: Gray Raven | Fallen Star & Frozen Darkness | Waymark Entry II	TalesNexus	https://www.youtube.com/watch?v=qlb9Lt6cjiY	14
1073	Punishing Gray Raven Frozen Darkness Update & Patch Note Reviews EP 1	IceXgame	https://www.youtube.com/watch?v=nHt_8j7mk44	584
65	PV1 1.8 [Frozen Darkness] - Punishing: Gray Raven	Kuroma	https://www.youtube.com/watch?v=BV4nloF3rCw	108
1009	UNLOCK HIDDEN INTERLUDE ALL STAGES Alpha and Kamui Frozen Darkness Update Punishing Gray Raven	HeroicMizu	https://www.youtube.com/watch?v=TipQBaJShQU	4718
12812	Amberia... and Rosetta's Sin? Firn Night Story! | EX02 | Punishing: Gray Raven	NymNym	https://www.youtube.com/watch?v=gWP8P0KlpcY	105
1387	Punishing Gray Raven Walkthrough Part 2 No Commentary	Kurai Shogun	https://www.youtube.com/watch?v=PEZUHZhT144	51
419	PUNISHING GRAY RAVEN Gameplay - Extra Story EX00: Mission EX00-1	GameacTV	https://www.youtube.com/watch?v=fcrYloC_tCk	85
7965	Punishing: Gray Raven Chapter EX00: Frozen Darkness	Khairz Newtype	https://www.youtube.com/watch?v=fFLz3jN4aV4	56
4120	EX00: Frozen Darkness | Punishing: Gray Raven	Cephalon Raikeran	https://www.youtube.com/watch?v=PBfMSF5YCL0	232
805	PUNISHING GRAY RAVEN Gameplay - Extra Story EX00: Mission EX00-4	GameacTV	https://www.youtube.com/watch?v=mKZYSwGWSCw	43
3578	Punishing Gray Raven Quest EX00 Frozen Darkness	RegiWAR	https://www.youtube.com/watch?v=ADUH8U2y0uk	122
575	PUNISHING GRAY RAVEN Gameplay - Extra Story EX00: Mission EX00-2 and EX00-3	GameacTV	https://www.youtube.com/watch?v=gnKXDD5A1Ao	58
3553	【Punishing: Gray Raven】EX00: Frozen Darkness - Story Collection	Bjorkit	https://www.youtube.com/watch?v=ShchlWMP6E0	125
4072	Punishing Gray Raven Playthrough | Frozen Darkness	HaWuTsKi Archive	https://www.youtube.com/watch?v=Vs9lJxDvxK8	178
764	[PUNISHING GRAY RAVEN] - Frozen Darkness event is HERE! Full Overview + Alpha gameplay!	Payneblade	https://www.youtube.com/watch?v=2X9g6ua8ma8	598
2975	Punishing: Gray Raven (Global) - FROZEN DARKNESS - Arctic Route Union - FULL STORY Alpha Vs Rosetta	VirtualP:G:E	https://www.youtube.com/watch?v=_Rjms0ueZmQ	283
3247	Punishing: Gray Raven Frozen Darkness "The Arctic Alliance" Full Story Gameplay	VirtualP:G:E	https://www.youtube.com/watch?v=ldY8FQGgus4	953
3199	Punishing: Gray Raven | Frozen Darkness [FULL STORY]	all beez	https://www.youtube.com/watch?v=G3TNwCmQJgc	836
2721	【Punishing: Gray Raven】Frozen Darkness : Story Collection	Shoul	https://www.youtube.com/watch?v=ezYtLWwsZtI	3510
4445	Punishing Gray Raven Event Story Chapter Frozen Darkness 60 FPS Gameplay Walkthrough English Subbed	KING1993GAMING	https://www.youtube.com/watch?v=g6hT0EuOg3I	582
575	The Lore of Punishing: Gray Raven Extra Chapter 00- Frozen Darkness	CareFreeDot	https://www.youtube.com/watch?v=EHXp_GBRr-g	6273
4090	[战双帕弥什] [PunishingGrayRaven] Frozen Darkness/Artic Night -Full Game/Dialogue-Event Mode/BLACKMX	BLACKMX  Ch.	https://www.youtube.com/watch?v=tgRsrkAaX60	73
2873	Punishing: Gray Raven | Event Story | Frozen Darkness	Gameplay Story	https://www.youtube.com/watch?v=MCM6uLyq0ik	35
3876	Punishing Gray Raven | Extra Story EX00 | Frozen Darkness | Sub - Español	RikuD	https://www.youtube.com/watch?v=uQlDm0XdIx4	20
301	ALPHA, ROSETTA BOSS & BASTION! - FROZEN DARKNESS OVERVIEW | Punishing Gray Raven	GuitarRock First	https://www.youtube.com/watch?v=eW06vUQOhHQ	526
799	Revisemos Frozen Darkness - Preview de Evento	Bloodrage	https://www.youtube.com/watch?v=TN5cKsGCWfg	292
938	Clear Aife Memory Rescue Guide Punishing Gray Raven Lucia Dawn Lightning Team	HeroicMizu	https://www.youtube.com/watch?v=QOq3hfHdtdk	1210
419	The Lore of Punishing: Gray Raven Chapter 8- Consumed by Darkness	CareFreeDot	https://www.youtube.com/watch?v=nMRlMCpd_9U	6087
434	Punishing:Gray Raven-Main Story #3 Part1[Hidden] Gameplay.#FreeToPlayGameplay.#F2P.#PGR	F2P Gameplay	https://www.youtube.com/watch?v=RgJNxxoSsNA	28
11390	Kirby Star Crossed World - Full Game 100% Walkthrough	BeardBear	https://www.youtube.com/watch?v=VyjjYIIKdPM	743225
363	PROLOGUE ALPHA CLEAR [NO HIT] | PUNISHING GRAY RAVEN (Global) |	Krystalz	https://www.youtube.com/watch?v=N2xSg-zlwrg	71
17163	Dark Deception | Full Game Walkthrough | No Commentary	The Game Archivist	https://www.youtube.com/watch?v=Gcxq7VkLxKc	3739799
458	[English Subbed]  PR-(1) Frozen Darkness || Punishing : Gray Raven	Jaysan009	https://www.youtube.com/watch?v=MrNxZCpgmUg	1424
2823	[Punishing: Grey Raven] Frozen Darkness: Arctic Route Union (Event story)	Lux	https://www.youtube.com/watch?v=TzFW6Aqxv3A	50
2927	「PUNISHING GRAY RAVEN」Frozen Darkness Part 1 - Narwhal	Sakura Mizrahi	https://www.youtube.com/watch?v=CZgCSZR2xg0	128
1787	Punishing Gray Raven (English) ~  Frozen Darkness Story Gameplay, Android Game	Stella's Gaming	https://www.youtube.com/watch?v=sPtJKxg5Xcw	13
2788	Punishing Gray Raven: Frozen Darkness Story (Movie Version)	Berdo	https://www.youtube.com/watch?v=HsbJLjvrTLE	69
429	Punishing: Gray Raven | Frozen Darkness | Chapter 2 & 3: Returning to the Surface & Forest Guard	Deacent Gamer	https://www.youtube.com/watch?v=8UHB4fZI2Ps	24
1031	Punishing : Gray Raven Extra Story -Frozen Darkness- END	Wail star	https://www.youtube.com/watch?v=ZFfsfn2pYzw	18
461	Frozen Heart • Karenina's Full Interlude • Hidden Chapter Guide • Punishing: Gray Raven	Deacent Gamer	https://www.youtube.com/watch?v=MK_IbQAJdq4	164
