10268	Zenless Zone Zero - Chapter 2 Interlude: Mission Unthinkable | Full Story JP Dub EN Sub 4K 60FPS	Gudaoko	https://www.youtube.com/watch?v=YYI0bjQWkFE	1764
16095	Zenless Zone Zero - S1 Chapter 2: A Call from the Hollow’s Heart | Full Walkthrough | No Commentary	Retroplay A-Z	https://www.youtube.com/watch?v=vSNzBZCQAmU	107
9934	Zenless Zone Zero - Part 011: Mission Unthinkable	Ideasthete	https://www.youtube.com/watch?v=PL4d7JcTkUQ	122
9893	ZZZ 1.0 Full Story Quest: S1 Chapter 2 Interlude Walkthrough [JP Voice]	ViGAMES	https://www.youtube.com/watch?v=FTBpmocTX-g	1331
1290	[Zenless Zone Zero Story] Invisible Assistant: Apprehend The Culprit Who Used The EMP Emitter	Authrone	https://www.youtube.com/watch?v=7GPTNxkNrIc	19
5913	Zenless Zone Zero (PC) | Story Mode - Walkthrough Gameplay Part #13 | No Commentary (1080p 60FPS)	Xenonz	https://www.youtube.com/watch?v=QES8ZTt4ec0	373
111	Complete the Main Story Chapter Mission Unthinkable Zenless Zone Zero	ZaFrostPet	https://www.youtube.com/watch?v=bLG7nVa38So	857
4131	Zenless Zone Zero - Chapter 2 Interlude: Mission Unthinkable | Full Story Walkthrough (No Comm)	Elrinell Gaming	https://www.youtube.com/watch?v=sVNdKmFE_90	378
4056	Full Story Quest: Special Episode | Mission Unthinkable | Zenless Zone Zero | Walkthrough	ElcarlosBeta	https://www.youtube.com/watch?v=oEjrn4n9rA8	16
7599	Zenless Zone Zero | Main Story Chapter 2 Interlude -Mission Unthinkable-	JihoEcho	https://www.youtube.com/watch?v=S5p_hDR-_oU	372
6698	ZZZ Main Quest Season 1 Chapter 2: Interlude - Mission Unthinkable Full Game | Zenless Zone Zero	Akabirama	https://www.youtube.com/watch?v=YkgfG_du7Ak	384
7681	FULL Chapter 002 Interlude: Mission Unthinkable | Zenless Zone Zero	T.H Bunn	https://www.youtube.com/watch?v=RKMHV12dmoc	171
9652	[C002] Phaetheon's Story: Interlude: Mission Unthinkable | 1.0 Zenless Zone Zero	Rubieco	https://www.youtube.com/watch?v=ARh_ZJUsl_k	294
2342	Zhu Yuan Takes Stop Resisting to Another Level! Zenless Zone Zero: Mission Unthinkable (Part 2)	Alpha-Blast	https://www.youtube.com/watch?v=d952e-10MBY	248
5920	Zenless Zone Zero 1.0: Full Chapter 2.5 Interlude Story Quest - The Public Security Officers	Zefko	https://www.youtube.com/watch?v=ZdtKeXxzhY0	12
1372	Zhu Yuan and Qingyi Discover Phaethon's Identity! Zenless Zone Zero: Mission Unthinkable (Part 3)	Alpha-Blast	https://www.youtube.com/watch?v=uCQmhXcJOYE	4050
7412	Chapter 2 Interlude (Full Story Quest) Mission Unthinkable | Zenless Zone Zero	Streetwise Rhapsody	https://www.youtube.com/watch?v=dRpacRjMfMQ	51164
18426	The Skip Button: The Zenless Zone Zero Story Explained (Season 1)	Azrial Vanity	https://www.youtube.com/watch?v=yUi9ZNSSgqs	231240
10003	Chapter 2 Interlude: Mission Unthinkable - Zenless Zone Zero 1.0 | VTuber Livestream & Playthrough	VTuber Minerva M.S.	https://www.youtube.com/watch?v=l5UoZc-Yh_A	222
49826	Zenless Zone Zero - Full 1.0 Story	CGInferno	https://www.youtube.com/watch?v=pmdL5NNXZdc	42179
13827	Lore Dump Then More ZZZ!!! | Zenless Zone Zero 1.0 Story Quest Reaction  |  Chapter 2 Interlude	LauraIsRosey	https://www.youtube.com/watch?v=s7uZgzlPnng	211
83	"Yes... these dialogues are actually in the game" 😭	KKEN_ZO	https://www.youtube.com/watch?v=ZxjmTusr7kQ	861804
13184	[Main Quest Chapter 2 Interlude] Mission Unthinkable (Zenless Zone Zero)	ThisisHori	https://www.youtube.com/watch?v=Zl5KOqLaCBU	552
5594	Chapter 2: Interlude - Mission Unthinkable (Full Story) - Zenless Zone Zero	Sir Patty	https://www.youtube.com/watch?v=q2io3Sq_sdM	413
15523	🦉Finishing Chapter 2: Interlude "Mission Unthinkable" | Zenless Zone Zero #f2p	HappyOwlTV	https://www.youtube.com/watch?v=Hl73MzzlsG4	28
23282	🦉New Functions & Chapter 2: Interlude "Mission Unthinkable" | Zenless Zone Zero #f2p	HappyOwlTV	https://www.youtube.com/watch?v=uAw2btxVzrM	42
5602	ZZZ Full Story Quest - Chapter 2 Interlude - Mission Unthinkable #zenlesszonezero	Gulsevim4234 - ( Gulsevim Cenberci )	https://www.youtube.com/watch?v=UXvDcpqCcxE	35
9484	Chapter 2: Mission Unthinkable (4K)  -  Full Story  -  Zenless Zone Zero	RÆIN	https://www.youtube.com/watch?v=wE2KZ0STMO4	21
6705	Chapter 2 Interlude: Mission Unthinkable | Full Chapter | Zenless Zone Zero	MysticStarX	https://www.youtube.com/watch?v=XJN3WopgBUM	684
