2353	This is Tomorrow | Reverse: 1999 | Prologue Full Story [No Commentary] [CBT]	八咫烏_Merui	https://www.youtube.com/watch?v=e_F-B9mn7xo	38100
2029	Reverse: 1999 | Main Story Prologue (This is Tomorrow) All Episode	JihoEcho	https://www.youtube.com/watch?v=B6uAEitHoAw	423
2408	This is Tomorrow | Reverse: 1999 | Prologue Full Story [4K] [No Commentary] [NEWER UPDATED VERSION]	八咫烏_Merui	https://www.youtube.com/watch?v=r0x4k0yxd8s	12484
2424	【REVERSE 1999】GAMEPLAY WALKTHROUGH | PROLOGUE: THIS IS TOMORROW | NO COMMENTARY	ARHSgameplay	https://www.youtube.com/watch?v=p_RK4UNnSss	11
2337	This is Tomorrow | Reverse 1999 Main Storyline Prologue | No Commentary	NEON DEMON	https://www.youtube.com/watch?v=y8_0A4gOuU4	39
2219	This is Tomorrow - Full Story Prologue | Reverse: 1999	Miawsy	https://www.youtube.com/watch?v=CIAbIOrO4eI	4381
2124	This is Tomorrow | Chapter 0 | Reverse: 1999 - Full Story	Reverse: 1999 - Recap	https://www.youtube.com/watch?v=IYiwpXIpIlQ	179
2008	Reverse: 1999 | Main Story | This Is Tomorrow	Christh F G	https://www.youtube.com/watch?v=dNi25mDZ6TI	23
1795	Reverse: 1999 | Prologue: This Is Tomorrow (No Commentary)	A Corner Of The Foundation	https://www.youtube.com/watch?v=LrXpWL3V4jM	41
1542	Reverse: 1999 | Prologue | Story missions	Non Commented Gameplays	https://www.youtube.com/watch?v=z4UnukC7jL0	52
2048	Reverse 1999 English Fully Voiced Story Prologue 60FPS HD	Steparu	https://www.youtube.com/watch?v=jbxzTjjIePY	8602
1952	【リバース:1999】Prologue 「ディス・イズ・トゥモロー」 Full Story [ ENG dub | JP sub ]	ちも修羅 / Chimo Shura	https://www.youtube.com/watch?v=P1678O5ybN0	33
2268	Reverse 1999 1.0 - Prologue [ENG - Full Game No Commentary]	Shaft_HeadTilt	https://www.youtube.com/watch?v=JLkVCUYuSkw	211
1720	Reverse 1999 I FULL Gameplay Walkthrough I Prologue I EN DUB	Zhail50	https://www.youtube.com/watch?v=mMQ78npPRX8	203
500	Story Explained | Reverse 1999 Prologue - This is Tomorrow	Aethelred	https://www.youtube.com/watch?v=SfYGccxaDII	81
1976	【Reverse 1999】Prologue: This is Tomorrow - Story Collection	Bjorkit	https://www.youtube.com/watch?v=yAs45rZua5w	90
3170	Prologue - This is Tomorrow  |  Walkthrough / No Commantary	AkiraMoun	https://www.youtube.com/watch?v=FvUbONXoLM0	5
8977	In Our Time | Reverse: 1999 | Chapter 1 Full Story [No Commentary] [CBT]	八咫烏_Merui	https://www.youtube.com/watch?v=y-m56nn4LeQ	23059
2134	Reverse: 1999 [Prologue, No Commentary, ENG SUB, ENG DUB]	Akana	https://www.youtube.com/watch?v=SHDkzNtwVbM	2413
12454	Reverse: 1999 - Global CBT - Prologue and Chapter 1 - Auto Play Story [No commentary]	Reverse: 1999 Timekeeper	https://www.youtube.com/watch?v=qQ-5TgoVKGs	124
2300	Reverse:1999 Main Story | Chapter 0 | This Is Tomorrow | Optimized Edition	이규은	https://www.youtube.com/watch?v=hmt9R7Le2u0	47
2022	Reverse 1999 English Dub Story Review Chapter 0: This is Tomorrow	Jonooit	https://www.youtube.com/watch?v=5YGFJqpT7xc	63
1981	Reverse: 1999 - Full Story - Chapter 0	Gacha Senior	https://www.youtube.com/watch?v=dAtamZd9kVU	129
2479	[Reverse: 1999] Chapter 0–This is Tomorrow	HaWuTsKi Archive	https://www.youtube.com/watch?v=8O3hgKbSeDk	153
2356	[ CBT ] Reverse 1999 Story Cutscenes Chapter 0 - This is Tomorrow	DiiRatio	https://www.youtube.com/watch?v=ThJCHZXVUSg	10765
